file_path,folder,weight_range,min_weight,max_weight,quality,is_ok,ocr_text,ocr_weight,filename_weight,best_weight,weight_source,potato_count,main_potato,area,perimeter,major_axis,minor_axis,circularity,width,height,estimated_volume,estimated_weight,aspect_ratio,scheme_c_class,expected_class
/tmp/potato_inspection_system/data/test/1021/150-200 NG/Pic_2025_10_21_154756_173.jpeg,150-200 NG,150-200,150,200,NG,False,,,175.0,175.0,filename,3,"{'area': 681860.5, 'perimeter': 12725.538560509682, 'major_axis': 1614.4830322265625, 'minor_axis': 641.2149047851562, 'circularity': 0.05291186312010876, 'width': 1427, 'height': 764, 'estimated_volume': 347.56763195536007, 'estimated_weight': 382.3243951508961, 'aspect_ratio': 2.5178501313339043, 'center': (973.048828125, 1957.67431640625), 'contour': array([[[ 923, 1600]],

       [[ 923, 1607]],

       [[ 922, 1608]],

       ...,

       [[ 943, 1601]],

       [[ 938, 1601]],

       [[ 937, 1600]]], dtype=int32)}",681860.5,12725.538560509682,1614.4830322265625,641.2149047851562,0.05291186312010876,1427.0,764.0,347.56763195536007,382.3243951508961,2.5178501313339043,Level 7,NG
/tmp/potato_inspection_system/data/test/1021/150-200 NG/Pic_2025_10_21_154757_174.jpeg,150-200 NG,150-200,150,200,NG,False,,,175.0,175.0,filename,3,"{'area': 529641.5, 'perimeter': 14540.901039123535, 'major_axis': 1235.4976806640625, 'minor_axis': 748.0527954101562, 'circularity': 0.031478152375684056, 'width': 1329, 'height': 864, 'estimated_volume': 361.99707149666096, 'estimated_weight': 398.1967786463271, 'aspect_ratio': 1.651618292511882, 'center': (1023.6995239257812, 765.23681640625), 'contour': array([[[1056,  288]],

       [[1056,  289]],

       [[1055,  290]],

       ...,

       [[1064,  290]],

       [[1063,  289]],

       [[1063,  288]]], dtype=int32)}",529641.5,14540.901039123535,1235.4976806640625,748.0527954101562,0.031478152375684056,1329.0,864.0,361.99707149666096,398.1967786463271,1.651618292511882,Level 7,NG
/tmp/potato_inspection_system/data/test/1021/150-200 NG/Pic_2025_10_21_154758_175.jpeg,150-200 NG,150-200,150,200,NG,False,,,175.0,175.0,filename,3,"{'area': 416412.5, 'perimeter': 13151.33754992485, 'major_axis': 1520.586181640625, 'minor_axis': 622.1713256835938, 'circularity': 0.03025476418887562, 'width': 1251, 'height': 760, 'estimated_volume': 308.1978787132651, 'estimated_weight': 339.0176665845916, 'aspect_ratio': 2.443999134755885, 'center': (777.3013305664062, 1715.1846923828125), 'contour': array([[[1507, 1360]],

       [[1507, 1366]],

       [[1506, 1367]],

       ...,

       [[1520, 1373]],

       [[1519, 1372]],

       [[1519, 1360]]], dtype=int32)}",416412.5,13151.33754992485,1520.586181640625,622.1713256835938,0.03025476418887562,1251.0,760.0,308.1978787132651,339.0176665845916,2.443999134755885,Level 7,NG
/tmp/potato_inspection_system/data/test/1021/150-200 NG/Pic_2025_10_21_154800_177.jpeg,150-200 NG,150-200,150,200,NG,False,,,175.0,175.0,filename,3,"{'area': 331658.0, 'perimeter': 7194.826673269272, 'major_axis': 1342.072509765625, 'minor_axis': 478.7528076171875, 'circularity': 0.08051182468540036, 'width': 1269, 'height': 512, 'estimated_volume': 161.06355131358373, 'estimated_weight': 177.16990644494211, 'aspect_ratio': 2.803268176003578, 'center': (2877.541015625, 1483.06005859375), 'contour': array([[[2948, 1231]],

       [[2947, 1232]],

       [[2944, 1232]],

       ...,

       [[3063, 1232]],

       [[3061, 1232]],

       [[3060, 1231]]], dtype=int32)}",331658.0,7194.826673269272,1342.072509765625,478.7528076171875,0.08051182468540036,1269.0,512.0,161.06355131358373,177.16990644494211,2.803268176003578,Level 7,NG
/tmp/potato_inspection_system/data/test/1021/150-200 NG/Pic_2025_10_21_154801_178.jpeg,150-200 NG,150-200,150,200,NG,False,,,175.0,175.0,filename,3,"{'area': 621579.5, 'perimeter': 18476.45442187786, 'major_axis': 1288.8377685546875, 'minor_axis': 1134.41796875, 'circularity': 0.02288069841175265, 'width': 1526, 'height': 1252, 'estimated_volume': 868.4465026267817, 'estimated_weight': 955.2911528894599, 'aspect_ratio': 1.1361224910557797, 'center': (2669.353515625, 1041.7879638671875), 'contour': array([[[2488,  380]],

       [[2487,  381]],

       [[2486,  381]],

       ...,

       [[2511,  382]],

       [[2510,  381]],

       [[2510,  380]]], dtype=int32)}",621579.5,18476.45442187786,1288.8377685546875,1134.41796875,0.02288069841175265,1526.0,1252.0,868.4465026267817,955.2911528894599,1.1361224910557797,Level 7,NG
/tmp/potato_inspection_system/data/test/1021/150-200 NG/Pic_2025_10_21_154759_176.jpeg,150-200 NG,150-200,150,200,NG,False,,,175.0,175.0,filename,3,"{'area': 409739.0, 'perimeter': 9925.610505342484, 'major_axis': 1216.64501953125, 'minor_axis': 807.409912109375, 'circularity': 0.05226400773231811, 'width': 1414, 'height': 871, 'estimated_volume': 415.28922038390476, 'estimated_weight': 456.8181424222953, 'aspect_ratio': 1.5068492487945062, 'center': (776.0272216796875, 894.6001586914062), 'contour': array([[[280, 424]],

       [[280, 463]],

       [[279, 464]],

       ...,

       [[296, 432]],

       [[295, 431]],

       [[295, 424]]], dtype=int32)}",409739.0,9925.610505342484,1216.64501953125,807.409912109375,0.05226400773231811,1414.0,871.0,415.28922038390476,456.8181424222953,1.5068492487945062,Level 7,NG
/tmp/potato_inspection_system/data/test/1021/150-200 NG/Pic_2025_10_21_154802_179.jpeg,150-200 NG,150-200,150,200,NG,False,,,175.0,175.0,filename,3,"{'area': 647757.5, 'perimeter': 13257.16092479229, 'major_axis': 1397.588134765625, 'minor_axis': 835.0101318359375, 'circularity': 0.04631495623164131, 'width': 1392, 'height': 973, 'estimated_volume': 510.22451030945234, 'estimated_weight': 561.2469613403977, 'aspect_ratio': 1.6737379362005427, 'center': (2807.1845703125, 565.6968383789062), 'contour': array([[[2740,    0]],

       [[2740,    2]],

       [[2736,    6]],

       ...,

       [[3362,    6]],

       [[3361,    5]],

       [[3361,    0]]], dtype=int32)}",647757.5,13257.16092479229,1397.588134765625,835.0101318359375,0.04631495623164131,1392.0,973.0,510.22451030945234,561.2469613403977,1.6737379362005427,Level 7,NG
/tmp/potato_inspection_system/data/test/1021/150-200 NG/Pic_2025_10_21_154805_182.jpeg,150-200 NG,150-200,150,200,NG,False,,,175.0,175.0,filename,3,"{'area': 237544.5, 'perimeter': 3413.6925542354584, 'major_axis': 644.7232055664062, 'minor_axis': 507.69580078125, 'circularity': 0.2561568851789933, 'width': 621, 'height': 576, 'estimated_volume': 87.01198313919379, 'estimated_weight': 95.71318145311318, 'aspect_ratio': 1.2699006069664087, 'center': (957.792724609375, 2557.15625), 'contour': array([[[ 947, 2264]],

       [[ 946, 2265]],

       [[ 945, 2265]],

       ...,

       [[ 952, 2266]],

       [[ 951, 2265]],

       [[ 951, 2264]]], dtype=int32)}",237544.5,3413.6925542354584,644.7232055664062,507.69580078125,0.2561568851789933,621.0,576.0,87.01198313919379,95.71318145311318,1.2699006069664087,Level 7,NG
/tmp/potato_inspection_system/data/test/1021/150-200 NG/Pic_2025_10_21_154804_181.jpeg,150-200 NG,150-200,150,200,NG,False,,,175.0,175.0,filename,3,"{'area': 295887.5, 'perimeter': 4725.88346016407, 'major_axis': 1202.2081298828125, 'minor_axis': 431.9852600097656, 'circularity': 0.16648321993219953, 'width': 1218, 'height': 499, 'estimated_volume': 117.46707086760574, 'estimated_weight': 129.21377795436632, 'aspect_ratio': 2.7829841459304303, 'center': (3044.445556640625, 2060.585205078125), 'contour': array([[[3006, 1810]],

       [[3006, 1814]],

       [[3004, 1816]],

       ...,

       [[3023, 1812]],

       [[3022, 1812]],

       [[3020, 1810]]], dtype=int32)}",295887.5,4725.88346016407,1202.2081298828125,431.9852600097656,0.16648321993219953,1218.0,499.0,117.46707086760574,129.21377795436632,2.7829841459304303,Level 7,NG
/tmp/potato_inspection_system/data/test/1021/150-200 NG/Pic_2025_10_21_154807_184.jpeg,150-200 NG,150-200,150,200,NG,False,,,175.0,175.0,filename,3,"{'area': 144973.5, 'perimeter': 9469.603364825249, 'major_axis': 989.8509521484375, 'minor_axis': 255.60943603515625, 'circularity': 0.020315845906862157, 'width': 1166, 'height': 307, 'estimated_volume': 33.86274745754277, 'estimated_weight': 37.249022203297045, 'aspect_ratio': 3.8725133449779783, 'center': (937.0656127929688, 360.66192626953125), 'contour': array([[[1245,  213]],

       [[1244,  214]],

       [[1244,  215]],

       ...,

       [[1251,  215]],

       [[1251,  214]],

       [[1250,  213]]], dtype=int32)}",144973.5,9469.603364825249,989.8509521484375,255.60943603515625,0.020315845906862157,1166.0,307.0,33.86274745754277,37.249022203297045,3.8725133449779783,Level 7,NG
/tmp/potato_inspection_system/data/test/1021/150-200 NG/Pic_2025_10_21_154806_183.jpeg,150-200 NG,150-200,150,200,NG,False,,,175.0,175.0,filename,3,"{'area': 179427.0, 'perimeter': 2758.1118199825287, 'major_axis': 571.2410278320312, 'minor_axis': 430.8694152832031, 'circularity': 0.29639708008595694, 'width': 599, 'height': 443, 'estimated_volume': 55.52765702300847, 'estimated_weight': 61.080422725309326, 'aspect_ratio': 1.3257869033395286, 'center': (3049.40380859375, 1827.2244873046875), 'contour': array([[[3083, 1609]],

       [[3083, 1610]],

       [[3082, 1611]],

       ...,

       [[3091, 1613]],

       [[3090, 1612]],

       [[3090, 1609]]], dtype=int32)}",179427.0,2758.1118199825287,571.2410278320312,430.8694152832031,0.29639708008595694,599.0,443.0,55.52765702300847,61.080422725309326,1.3257869033395286,Level 7,NG
/tmp/potato_inspection_system/data/test/1021/150-200 NG/Pic_2025_10_21_154803_180.jpeg,150-200 NG,150-200,150,200,NG,False,,,175.0,175.0,filename,3,"{'area': 407338.0, 'perimeter': 9696.591171503067, 'major_axis': 1036.238525390625, 'minor_axis': 725.6102905273438, 'circularity': 0.054441065976069285, 'width': 1104, 'height': 783, 'estimated_volume': 285.6703870702918, 'estimated_weight': 314.237425777321, 'aspect_ratio': 1.4280923781242538, 'center': (999.4481201171875, 462.23260498046875), 'contour': array([[[1458,   80]],

       [[1458,   87]],

       [[1457,   88]],

       ...,

       [[1464,  120]],

       [[1463,  119]],

       [[1463,   80]]], dtype=int32)}",407338.0,9696.591171503067,1036.238525390625,725.6102905273438,0.054441065976069285,1104.0,783.0,285.6703870702918,314.237425777321,1.4280923781242538,Level 7,NG
/tmp/potato_inspection_system/data/test/1021/100-150 ng/Pic_2025_10_21_154304_38.jpeg,100-150 ng,100-150,100,150,ng,False,,,125.0,125.0,filename,3,"{'area': 375263.0, 'perimeter': 16136.315252423286, 'major_axis': 1573.8294677734375, 'minor_axis': 678.2606811523438, 'circularity': 0.01811076811963007, 'width': 1383, 'height': 1030, 'estimated_volume': 379.0963284585906, 'estimated_weight': 417.0059613044497, 'aspect_ratio': 2.320390244499431, 'center': (735.795654296875, 1129.677978515625), 'contour': array([[[321, 520]],

       [[321, 525]],

       [[320, 526]],

       ...,

       [[328, 533]],

       [[327, 532]],

       [[327, 520]]], dtype=int32)}",375263.0,16136.315252423286,1573.8294677734375,678.2606811523438,0.01811076811963007,1383.0,1030.0,379.0963284585906,417.0059613044497,2.320390244499431,NG,NG
/tmp/potato_inspection_system/data/test/1021/100-150 ng/Pic_2025_10_21_154306_40.jpeg,100-150 ng,100-150,100,150,ng,False,,,125.0,125.0,filename,3,"{'area': 378640.0, 'perimeter': 15686.055366158485, 'major_axis': 1361.5595703125, 'minor_axis': 571.043701171875, 'circularity': 0.019337880329645923, 'width': 1206, 'height': 661, 'estimated_volume': 232.4737709661358, 'estimated_weight': 255.7211480627494, 'aspect_ratio': 2.3843351524907064, 'center': (1005.2581176757812, 1528.5848388671875), 'contour': array([[[ 836, 1203]],

       [[ 836, 1205]],

       [[ 835, 1206]],

       ...,

       [[ 838, 1207]],

       [[ 840, 1207]],

       [[ 840, 1203]]], dtype=int32)}",378640.0,15686.055366158485,1361.5595703125,571.043701171875,0.019337880329645923,1206.0,661.0,232.4737709661358,255.7211480627494,2.3843351524907064,NG,NG
/tmp/potato_inspection_system/data/test/1021/100-150 ng/Pic_2025_10_21_154303_37.jpeg,100-150 ng,100-150,100,150,ng,False,,,125.0,125.0,filename,3,"{'area': 433616.5, 'perimeter': 7929.897740721703, 'major_axis': 1349.6956787109375, 'minor_axis': 587.5472412109375, 'circularity': 0.08665237884149235, 'width': 1296, 'height': 655, 'estimated_volume': 243.9608077010106, 'estimated_weight': 268.3568884711117, 'aspect_ratio': 2.2971696300185305, 'center': (1095.893310546875, 1185.8834228515625), 'contour': array([[[1096,  887]],

       [[1095,  888]],

       [[1088,  888]],

       ...,

       [[1112,  892]],

       [[1111,  891]],

       [[1111,  887]]], dtype=int32)}",433616.5,7929.897740721703,1349.6956787109375,587.5472412109375,0.08665237884149235,1296.0,655.0,243.9608077010106,268.3568884711117,2.2971696300185305,NG,NG
/tmp/potato_inspection_system/data/test/1021/100-150 ng/Pic_2025_10_21_154305_39.jpeg,100-150 ng,100-150,100,150,ng,False,,,125.0,125.0,filename,3,"{'area': 262351.5, 'perimeter': 7249.069313168526, 'major_axis': 1124.0096435546875, 'minor_axis': 469.1827392578125, 'circularity': 0.06273774590636466, 'width': 1232, 'height': 592, 'estimated_volume': 129.55456266874862, 'estimated_weight': 142.5100189356235, 'aspect_ratio': 2.395675606764068, 'center': (1035.7347412109375, 2032.3216552734375), 'contour': array([[[ 904, 1752]],

       [[ 904, 1759]],

       [[ 902, 1761]],

       ...,

       [[ 933, 1753]],

       [[ 932, 1753]],

       [[ 931, 1752]]], dtype=int32)}",262351.5,7249.069313168526,1124.0096435546875,469.1827392578125,0.06273774590636466,1232.0,592.0,129.55456266874862,142.5100189356235,2.395675606764068,NG,NG
/tmp/potato_inspection_system/data/test/1021/100-150 ng/Pic_2025_10_21_154308_42.jpeg,100-150 ng,100-150,100,150,ng,False,,,125.0,125.0,filename,3,"{'area': 274753.5, 'perimeter': 10186.446071267128, 'major_axis': 1040.05126953125, 'minor_axis': 528.8107299804688, 'circularity': 0.03327420721818918, 'width': 1144, 'height': 704, 'estimated_volume': 152.2838641128327, 'estimated_weight': 167.51225052411598, 'aspect_ratio': 1.9667741416095388, 'center': (834.1975708007812, 1613.9718017578125), 'contour': array([[[1219, 1267]],

       [[1218, 1268]],

       [[1218, 1274]],

       ...,

       [[1224, 1269]],

       [[1223, 1268]],

       [[1223, 1267]]], dtype=int32)}",274753.5,10186.446071267128,1040.05126953125,528.8107299804688,0.03327420721818918,1144.0,704.0,152.2838641128327,167.51225052411598,1.9667741416095388,NG,NG
/tmp/potato_inspection_system/data/test/1021/100-150 ng/Pic_2025_10_21_154310_44.jpeg,100-150 ng,100-150,100,150,ng,False,,,125.0,125.0,filename,3,"{'area': 201599.5, 'perimeter': 4704.285480618477, 'major_axis': 1091.9686279296875, 'minor_axis': 400.26251220703125, 'circularity': 0.11447534905059371, 'width': 1029, 'height': 430, 'estimated_volume': 91.60066305837826, 'estimated_weight': 100.76072936421609, 'aspect_ratio': 2.7281311505007473, 'center': (2692.5634765625, 1457.355224609375), 'contour': array([[[2881, 1268]],

       [[2879, 1270]],

       [[2856, 1270]],

       ...,

       [[2888, 1270]],

       [[2887, 1269]],

       [[2887, 1268]]], dtype=int32)}",201599.5,4704.285480618477,1091.9686279296875,400.26251220703125,0.11447534905059371,1029.0,430.0,91.60066305837826,100.76072936421609,2.7281311505007473,NG,NG
/tmp/potato_inspection_system/data/test/1021/100-150 ng/Pic_2025_10_21_154309_43.jpeg,100-150 ng,100-150,100,150,ng,False,,,125.0,125.0,filename,3,"{'area': 261098.0, 'perimeter': 6478.670257329941, 'major_axis': 970.8688354492188, 'minor_axis': 495.83038330078125, 'circularity': 0.07817027799678633, 'width': 1040, 'height': 565, 'estimated_volume': 124.97566446568554, 'estimated_weight': 137.4732309122541, 'aspect_ratio': 1.9580664439844726, 'center': (2813.88134765625, 270.2331848144531), 'contour': array([[[2952,    0]],

       [[2952,    2]],

       [[2951,    3]],

       ...,

       [[3123,    3]],

       [[3122,    2]],

       [[3122,    0]]], dtype=int32)}",261098.0,6478.670257329941,970.8688354492188,495.83038330078125,0.07817027799678633,1040.0,565.0,124.97566446568554,137.4732309122541,1.9580664439844726,NG,NG
/tmp/potato_inspection_system/data/test/1021/100-150 ng/Pic_2025_10_21_154312_46.jpeg,100-150 ng,100-150,100,150,ng,False,,,125.0,125.0,filename,3,"{'area': 332410.5, 'perimeter': 8916.584032416344, 'major_axis': 1650.072021484375, 'minor_axis': 475.5871276855469, 'circularity': 0.05253969942819577, 'width': 1478, 'height': 527, 'estimated_volume': 195.41671375211018, 'estimated_weight': 214.9583851273212, 'aspect_ratio': 3.469547272051873, 'center': (2737.733642578125, 757.7947387695312), 'contour': array([[[2864,  463]],

       [[2863,  464]],

       [[2863,  466]],

       ...,

       [[2871,  467]],

       [[2870,  466]],

       [[2870,  463]]], dtype=int32)}",332410.5,8916.584032416344,1650.072021484375,475.5871276855469,0.05253969942819577,1478.0,527.0,195.41671375211018,214.9583851273212,3.469547272051873,NG,NG
/tmp/potato_inspection_system/data/test/1021/100-150 ng/Pic_2025_10_21_154307_41.jpeg,100-150 ng,100-150,100,150,ng,False,,,125.0,125.0,filename,3,"{'area': 313265.0, 'perimeter': 9668.036910295486, 'major_axis': 995.102783203125, 'minor_axis': 563.4660034179688, 'circularity': 0.042115808265356186, 'width': 1150, 'height': 691, 'estimated_volume': 165.42532611557863, 'estimated_weight': 181.9678587271365, 'aspect_ratio': 1.766038726678912, 'center': (857.3948974609375, 647.2744750976562), 'contour': array([[[1112,  280]],

       [[1112,  287]],

       [[1111,  288]],

       ...,

       [[1128,  288]],

       [[1127,  287]],

       [[1127,  280]]], dtype=int32)}",313265.0,9668.036910295486,995.102783203125,563.4660034179688,0.042115808265356186,1150.0,691.0,165.42532611557863,181.9678587271365,1.766038726678912,NG,NG
/tmp/potato_inspection_system/data/test/1021/100-150 ng/Pic_2025_10_21_154314_48.jpeg,100-150 ng,100-150,100,150,ng,False,,,125.0,125.0,filename,3,"{'area': 232771.5, 'perimeter': 5080.569751620293, 'major_axis': 849.5403442382812, 'minor_axis': 473.94287109375, 'circularity': 0.11332215711492048, 'width': 823, 'height': 519, 'estimated_volume': 99.91590368325708, 'estimated_weight': 109.9074940515828, 'aspect_ratio': 1.7924952479562348, 'center': (3090.72412109375, 1564.634765625), 'contour': array([[[3184, 1310]],

       [[3184, 1317]],

       [[3183, 1318]],

       ...,

       [[3190, 1317]],

       [[3189, 1316]],

       [[3189, 1310]]], dtype=int32)}",232771.5,5080.569751620293,849.5403442382812,473.94287109375,0.11332215711492048,823.0,519.0,99.91590368325708,109.9074940515828,1.7924952479562348,NG,NG
/tmp/potato_inspection_system/data/test/1021/100-150 ng/Pic_2025_10_21_154311_45.jpeg,100-150 ng,100-150,100,150,ng,False,,,125.0,125.0,filename,3,"{'area': 213315.0, 'perimeter': 3511.449913620949, 'major_axis': 581.7164306640625, 'minor_axis': 512.2861938476562, 'circularity': 0.21739938101977466, 'width': 581, 'height': 508, 'estimated_volume': 79.93468291143714, 'estimated_weight': 87.92815120258085, 'aspect_ratio': 1.1355301736611965, 'center': (2630.44189453125, 2496.5361328125), 'contour': array([[[2734, 2233]],

       [[2733, 2234]],

       [[2732, 2234]],

       ...,

       [[2749, 2235]],

       [[2743, 2235]],

       [[2741, 2233]]], dtype=int32)}",213315.0,3511.449913620949,581.7164306640625,512.2861938476562,0.21739938101977466,581.0,508.0,79.93468291143714,87.92815120258085,1.1355301736611965,NG,NG
/tmp/potato_inspection_system/data/test/1021/100-150 ng/Pic_2025_10_21_154313_47.jpeg,100-150 ng,100-150,100,150,ng,False,,,125.0,125.0,filename,3,"{'area': 280935.5, 'perimeter': 10275.274499893188, 'major_axis': 1231.0645751953125, 'minor_axis': 553.866455078125, 'circularity': 0.03343717824069401, 'width': 1144, 'height': 703, 'estimated_volume': 197.73774740879895, 'estimated_weight': 217.51152214967885, 'aspect_ratio': 2.2226740108708443, 'center': (1073.6600341796875, 656.6023559570312), 'contour': array([[[1200,  297]],

       [[1200,  303]],

       [[1199,  304]],

       ...,

       [[1200,  303]],

       [[1207,  303]],

       [[1207,  297]]], dtype=int32)}",280935.5,10275.274499893188,1231.0645751953125,553.866455078125,0.03343717824069401,1144.0,703.0,197.73774740879895,217.51152214967885,2.2226740108708443,NG,NG
/tmp/potato_inspection_system/data/test/1021/100-150 ng/Pic_2025_10_21_154316_50.jpeg,100-150 ng,100-150,100,150,ng,False,,,125.0,125.0,filename,3,"{'area': 258238.5, 'perimeter': 10939.995281338692, 'major_axis': 1147.375244140625, 'minor_axis': 524.1347045898438, 'circularity': 0.027114186883425033, 'width': 1208, 'height': 616, 'estimated_volume': 165.04027205869644, 'estimated_weight': 181.5442992645661, 'aspect_ratio': 2.1890846648639526, 'center': (1043.6182861328125, 1406.3145751953125), 'contour': array([[[1232, 1088]],

       [[1232, 1095]],

       [[1231, 1096]],

       ...,

       [[1237, 1090]],

       [[1236, 1089]],

       [[1236, 1088]]], dtype=int32)}",258238.5,10939.995281338692,1147.375244140625,524.1347045898438,0.027114186883425033,1208.0,616.0,165.04027205869644,181.5442992645661,2.1890846648639526,NG,NG
/tmp/potato_inspection_system/data/test/1021/100-150 ng/Pic_2025_10_21_154317_51.jpeg,100-150 ng,100-150,100,150,ng,False,,,125.0,125.0,filename,3,"{'area': 139098.0, 'perimeter': 1611.068102478981, 'major_axis': 489.98468017578125, 'minor_axis': 369.3407897949219, 'circularity': 0.673446269207368, 'width': 483, 'height': 366, 'estimated_volume': 34.99739111525604, 'estimated_weight': 38.49713022678165, 'aspect_ratio': 1.3266465381412311, 'center': (1090.276611328125, 2348.8408203125), 'contour': array([[[1064, 2162]],

       [[1063, 2163]],

       [[1054, 2163]],

       [[1053, 2164]],

       [[1044, 2164]],

       [[1043, 2165]],

       [[1040, 2165]],

       [[1039, 2166]],

       [[1035, 2166]],

       [[1034, 2167]],

       [[1031, 2167]],

       [[1030, 2168]],

       [[1024, 2168]],

       [[1023, 2169]],

       [[1022, 2169]],

       [[1021, 2170]],

       [[1016, 2170]],

       [[1015, 2171]],

       [[1008, 2171]],

       [[1007, 2172]],

       [[1006, 2172]],

       [[1005, 2173]],

       [[1000, 2173]],

       [[1000, 2174]],

       [[ 999, 2175]],

       [[ 997, 2175]],

       [[ 996, 2176]],

       [[ 989, 2176]],

       [[ 989, 2178]],

       [[ 988, 2179]],

       [[ 982, 2179]],

       [[ 982, 2180]],

       [[ 980, 2182]],

       [[ 979, 2182]],

       [[ 977, 2184]],

       [[ 974, 2184]],

       [[ 972, 2186]],

       [[ 964, 2186]],

       [[ 961, 2189]],

       [[ 960, 2189]],

       [[ 960, 2191]],

       [[ 959, 2192]],

       [[ 957, 2192]],

       [[ 957, 2193]],

       [[ 954, 2196]],

       [[ 952, 2196]],

       [[ 950, 2198]],

       [[ 944, 2198]],

       [[ 944, 2201]],

       [[ 942, 2203]],

       [[ 941, 2203]],

       [[ 938, 2206]],

       [[ 938, 2207]],

       [[ 937, 2208]],

       [[ 932, 2208]],

       [[ 931, 2209]],

       [[ 931, 2210]],

       [[ 930, 2211]],

       [[ 929, 2211]],

       [[ 928, 2212]],

       [[ 928, 2215]],

       [[ 927, 2216]],

       [[ 924, 2216]],

       [[ 923, 2217]],

       [[ 923, 2218]],

       [[ 922, 2219]],

       [[ 921, 2219]],

       [[ 920, 2220]],

       [[ 920, 2223]],

       [[ 919, 2224]],

       [[ 915, 2224]],

       [[ 915, 2231]],

       [[ 914, 2232]],

       [[ 907, 2232]],

       [[ 907, 2239]],

       [[ 906, 2240]],

       [[ 904, 2240]],

       [[ 904, 2247]],

       [[ 903, 2248]],

       [[ 899, 2248]],

       [[ 899, 2255]],

       [[ 898, 2256]],

       [[ 893, 2256]],

       [[ 893, 2263]],

       [[ 892, 2264]],

       [[ 888, 2264]],

       [[ 888, 2279]],

       [[ 887, 2280]],

       [[ 883, 2280]],

       [[ 883, 2287]],

       [[ 882, 2288]],

       [[ 880, 2288]],

       [[ 880, 2295]],

       [[ 879, 2296]],

       [[ 877, 2296]],

       [[ 877, 2303]],

       [[ 876, 2304]],

       [[ 876, 2305]],

       [[ 875, 2306]],

       [[ 875, 2307]],

       [[ 872, 2310]],

       [[ 872, 2319]],

       [[ 871, 2320]],

       [[ 870, 2320]],

       [[ 870, 2327]],

       [[ 869, 2328]],

       [[ 869, 2343]],

       [[ 868, 2344]],

       [[ 867, 2344]],

       [[ 867, 2345]],

       [[ 866, 2346]],

       [[ 866, 2352]],

       [[ 864, 2354]],

       [[ 864, 2359]],

       [[ 863, 2360]],

       [[ 863, 2364]],

       [[ 862, 2365]],

       [[ 862, 2370]],

       [[ 861, 2371]],

       [[ 861, 2399]],

       [[ 862, 2400]],

       [[ 862, 2423]],

       [[ 866, 2423]],

       [[ 867, 2424]],

       [[ 867, 2439]],

       [[ 871, 2439]],

       [[ 872, 2440]],

       [[ 872, 2447]],

       [[ 874, 2447]],

       [[ 875, 2448]],

       [[ 875, 2455]],

       [[ 876, 2455]],

       [[ 877, 2456]],

       [[ 877, 2462]],

       [[ 878, 2463]],

       [[ 879, 2463]],

       [[ 880, 2464]],

       [[ 880, 2466]],

       [[ 883, 2469]],

       [[ 883, 2470]],

       [[ 884, 2471]],

       [[ 887, 2471]],

       [[ 889, 2473]],

       [[ 889, 2475]],

       [[ 891, 2477]],

       [[ 891, 2478]],

       [[ 892, 2479]],

       [[ 895, 2479]],

       [[ 896, 2480]],

       [[ 896, 2481]],

       [[ 897, 2482]],

       [[ 897, 2484]],

       [[ 898, 2485]],

       [[ 899, 2485]],

       [[ 901, 2487]],

       [[ 903, 2487]],

       [[ 905, 2489]],

       [[ 906, 2489]],

       [[ 907, 2490]],

       [[ 908, 2490]],

       [[ 910, 2492]],

       [[ 911, 2492]],

       [[ 915, 2496]],

       [[ 915, 2497]],

       [[ 916, 2498]],

       [[ 919, 2498]],

       [[ 920, 2499]],

       [[ 921, 2499]],

       [[ 922, 2500]],

       [[ 927, 2500]],

       [[ 928, 2501]],

       [[ 928, 2503]],

       [[ 930, 2503]],

       [[ 931, 2504]],

       [[ 931, 2505]],

       [[ 932, 2505]],

       [[ 936, 2509]],

       [[ 938, 2509]],

       [[ 940, 2511]],

       [[ 942, 2511]],

       [[ 944, 2513]],

       [[ 944, 2515]],

       [[ 947, 2515]],

       [[ 949, 2517]],

       [[ 957, 2517]],

       [[ 958, 2518]],

       [[ 960, 2518]],

       [[ 961, 2519]],

       [[ 964, 2519]],

       [[ 965, 2520]],

       [[ 967, 2520]],

       [[ 968, 2521]],

       [[ 968, 2522]],

       [[ 969, 2522]],

       [[ 970, 2523]],

       [[ 971, 2523]],

       [[ 972, 2524]],

       [[ 975, 2524]],

       [[ 976, 2525]],

       [[ 991, 2525]],

       [[ 992, 2526]],

       [[1017, 2526]],

       [[1018, 2525]],

       [[1031, 2525]],

       [[1032, 2526]],

       [[1040, 2526]],

       [[1041, 2527]],

       [[1046, 2527]],

       [[1047, 2526]],

       [[1055, 2526]],

       [[1055, 2525]],

       [[1056, 2524]],

       [[1060, 2524]],

       [[1060, 2520]],

       [[1056, 2520]],

       [[1055, 2519]],

       [[1055, 2512]],

       [[1056, 2511]],

       [[1087, 2511]],

       [[1088, 2512]],

       [[1088, 2519]],

       [[1119, 2519]],

       [[1119, 2512]],

       [[1120, 2511]],

       [[1125, 2511]],

       [[1126, 2512]],

       [[1126, 2516]],

       [[1139, 2516]],

       [[1140, 2515]],

       [[1146, 2515]],

       [[1147, 2514]],

       [[1151, 2514]],

       [[1152, 2513]],

       [[1160, 2513]],

       [[1161, 2512]],

       [[1167, 2512]],

       [[1168, 2511]],

       [[1175, 2511]],

       [[1175, 2509]],

       [[1176, 2508]],

       [[1186, 2508]],

       [[1187, 2507]],

       [[1191, 2507]],

       [[1192, 2506]],

       [[1198, 2506]],

       [[1199, 2505]],

       [[1199, 2504]],

       [[1200, 2503]],

       [[1205, 2503]],

       [[1206, 2502]],

       [[1207, 2502]],

       [[1207, 2501]],

       [[1208, 2500]],

       [[1211, 2500]],

       [[1212, 2499]],

       [[1214, 2499]],

       [[1216, 2497]],

       [[1219, 2497]],

       [[1221, 2495]],

       [[1224, 2495]],

       [[1225, 2494]],

       [[1227, 2494]],

       [[1228, 2493]],

       [[1231, 2493]],

       [[1231, 2491]],

       [[1232, 2490]],

       [[1236, 2490]],

       [[1237, 2489]],

       [[1239, 2489]],

       [[1239, 2488]],

       [[1240, 2487]],

       [[1242, 2487]],

       [[1243, 2486]],

       [[1244, 2486]],

       [[1246, 2484]],

       [[1247, 2484]],

       [[1249, 2482]],

       [[1251, 2482]],

       [[1252, 2481]],

       [[1253, 2481]],

       [[1255, 2479]],

       [[1257, 2479]],

       [[1259, 2477]],

       [[1260, 2477]],

       [[1262, 2475]],

       [[1263, 2475]],

       [[1263, 2474]],

       [[1264, 2473]],

       [[1265, 2473]],

       [[1267, 2471]],

       [[1271, 2471]],

       [[1271, 2467]],

       [[1272, 2466]],

       [[1276, 2466]],

       [[1277, 2465]],

       [[1278, 2465]],

       [[1279, 2464]],

       [[1279, 2461]],

       [[1280, 2460]],

       [[1284, 2460]],

       [[1286, 2458]],

       [[1287, 2458]],

       [[1287, 2453]],

       [[1289, 2451]],

       [[1294, 2451]],

       [[1295, 2450]],

       [[1296, 2450]],

       [[1297, 2449]],

       [[1297, 2445]],

       [[1298, 2444]],

       [[1302, 2444]],

       [[1303, 2443]],

       [[1303, 2440]],

       [[1304, 2439]],

       [[1306, 2439]],

       [[1306, 2438]],

       [[1308, 2436]],

       [[1308, 2432]],

       [[1309, 2431]],

       [[1314, 2431]],

       [[1314, 2424]],

       [[1315, 2423]],

       [[1319, 2423]],

       [[1319, 2416]],

       [[1320, 2415]],

       [[1321, 2415]],

       [[1321, 2408]],

       [[1322, 2407]],

       [[1327, 2407]],

       [[1327, 2400]],

       [[1328, 2399]],

       [[1335, 2399]],

       [[1335, 2384]],

       [[1336, 2383]],

       [[1338, 2383]],

       [[1338, 2376]],

       [[1339, 2375]],

       [[1342, 2375]],

       [[1342, 2368]],

       [[1343, 2367]],

       [[1343, 2344]],

       [[1342, 2343]],

       [[1342, 2341]],

       [[1341, 2340]],

       [[1341, 2337]],

       [[1340, 2336]],

       [[1339, 2336]],

       [[1338, 2335]],

       [[1338, 2328]],

       [[1328, 2328]],

       [[1327, 2327]],

       [[1327, 2320]],

       [[1328, 2319]],

       [[1335, 2319]],

       [[1335, 2310]],

       [[1333, 2308]],

       [[1333, 2307]],

       [[1332, 2306]],

       [[1332, 2304]],

       [[1328, 2304]],

       [[1327, 2303]],

       [[1327, 2291]],

       [[1324, 2288]],

       [[1323, 2288]],

       [[1322, 2287]],

       [[1322, 2280]],

       [[1320, 2280]],

       [[1319, 2279]],

       [[1319, 2275]],

       [[1316, 2272]],

       [[1304, 2272]],

       [[1303, 2271]],

       [[1303, 2264]],

       [[1304, 2263]],

       [[1306, 2263]],

       [[1306, 2256]],

       [[1301, 2256]],

       [[1300, 2255]],

       [[1300, 2248]],

       [[1290, 2248]],

       [[1289, 2247]],

       [[1289, 2240]],

       [[1288, 2240]],

       [[1287, 2239]],

       [[1287, 2232]],

       [[1285, 2232]],

       [[1284, 2231]],

       [[1284, 2229]],

       [[1280, 2229]],

       [[1279, 2228]],

       [[1272, 2228]],

       [[1271, 2227]],

       [[1271, 2220]],

       [[1264, 2220]],

       [[1263, 2219]],

       [[1263, 2211]],

       [[1256, 2211]],

       [[1255, 2210]],

       [[1255, 2208]],

       [[1248, 2208]],

       [[1247, 2207]],

       [[1247, 2203]],

       [[1243, 2203]],

       [[1239, 2199]],

       [[1239, 2196]],

       [[1238, 2196]],

       [[1237, 2195]],

       [[1228, 2195]],

       [[1227, 2194]],

       [[1225, 2194]],

       [[1223, 2192]],

       [[1223, 2191]],

       [[1219, 2191]],

       [[1218, 2190]],

       [[1216, 2190]],

       [[1215, 2189]],

       [[1215, 2187]],

       [[1209, 2187]],

       [[1207, 2185]],

       [[1207, 2184]],

       [[1200, 2184]],

       [[1199, 2183]],

       [[1199, 2181]],

       [[1192, 2181]],

       [[1191, 2180]],

       [[1191, 2179]],

       [[1185, 2179]],

       [[1183, 2177]],

       [[1181, 2177]],

       [[1180, 2176]],

       [[1176, 2176]],

       [[1175, 2175]],

       [[1175, 2173]],

       [[1166, 2173]],

       [[1165, 2172]],

       [[1160, 2172]],

       [[1159, 2171]],

       [[1152, 2171]],

       [[1150, 2169]],

       [[1150, 2168]],

       [[1128, 2168]],

       [[1127, 2167]],

       [[1127, 2166]],

       [[1118, 2166]],

       [[1117, 2165]],

       [[1112, 2165]],

       [[1111, 2164]],

       [[1107, 2164]],

       [[1106, 2163]],

       [[1104, 2163]],

       [[1103, 2162]]], dtype=int32)}",139098.0,1611.068102478981,489.98468017578125,369.3407897949219,0.673446269207368,483.0,366.0,34.99739111525604,38.49713022678165,1.3266465381412311,NG,NG
/tmp/potato_inspection_system/data/test/1021/100-150 ng/Pic_2025_10_21_154318_52.jpeg,100-150 ng,100-150,100,150,ng,False,,,125.0,125.0,filename,3,"{'area': 229918.5, 'perimeter': 8067.755604505539, 'major_axis': 1701.8179931640625, 'minor_axis': 452.54815673828125, 'circularity': 0.04438930179822158, 'width': 1348, 'height': 539, 'estimated_volume': 182.49095085783978, 'estimated_weight': 200.74004594362378, 'aspect_ratio': 3.760523532854122, 'center': (2802.630615234375, 572.3223266601562), 'contour': array([[[3216,  315]],

       [[3216,  318]],

       [[3215,  319]],

       ...,

       [[3228,  319]],

       [[3227,  318]],

       [[3227,  315]]], dtype=int32)}",229918.5,8067.755604505539,1701.8179931640625,452.54815673828125,0.04438930179822158,1348.0,539.0,182.49095085783978,200.74004594362378,3.760523532854122,NG,NG
/tmp/potato_inspection_system/data/test/1021/100-150 ng/Pic_2025_10_21_154320_54.jpeg,100-150 ng,100-150,100,150,ng,False,,,125.0,125.0,filename,3,"{'area': 400109.0, 'perimeter': 17504.32953250408, 'major_axis': 1445.68505859375, 'minor_axis': 654.164794921875, 'circularity': 0.016409570842722303, 'width': 1349, 'height': 772, 'estimated_volume': 323.92662862550765, 'estimated_weight': 356.31929148805847, 'aspect_ratio': 2.209970744094237, 'center': (883.3222045898438, 1371.9544677734375), 'contour': array([[[1257,  972]],

       [[1257,  977]],

       [[1256,  978]],

       ...,

       [[1267,  982]],

       [[1263,  978]],

       [[1263,  972]]], dtype=int32)}",400109.0,17504.32953250408,1445.68505859375,654.164794921875,0.016409570842722303,1349.0,772.0,323.92662862550765,356.31929148805847,2.209970744094237,NG,NG
/tmp/potato_inspection_system/data/test/1021/100-150 ng/Pic_2025_10_21_154321_55.jpeg,100-150 ng,100-150,100,150,ng,False,,,125.0,125.0,filename,3,"{'area': 306531.5, 'perimeter': 12825.34765625, 'major_axis': 1350.5447998046875, 'minor_axis': 596.1624755859375, 'circularity': 0.023417831768176526, 'width': 1288, 'height': 728, 'estimated_volume': 251.3256940895748, 'estimated_weight': 276.4582634985323, 'aspect_ratio': 2.2653971947451175, 'center': (946.4193115234375, 704.6746215820312), 'contour': array([[[1176,  328]],

       [[1176,  335]],

       [[1183,  335]],

       ...,

       [[1208,  335]],

       [[1215,  335]],

       [[1215,  328]]], dtype=int32)}",306531.5,12825.34765625,1350.5447998046875,596.1624755859375,0.023417831768176526,1288.0,728.0,251.3256940895748,276.4582634985323,2.2653971947451175,NG,NG
/tmp/potato_inspection_system/data/test/1021/100-150 ng/Pic_2025_10_21_154319_53.jpeg,100-150 ng,100-150,100,150,ng,False,,,125.0,125.0,filename,3,"{'area': 295146.5, 'perimeter': 11204.730343222618, 'major_axis': 1235.619384765625, 'minor_axis': 494.2846984863281, 'circularity': 0.02954232579606087, 'width': 1352, 'height': 553, 'estimated_volume': 158.06571052074085, 'estimated_weight': 173.87228157281496, 'aspect_ratio': 2.4998131411907387, 'center': (958.124755859375, 316.0112609863281), 'contour': array([[[1304,   64]],

       [[1304,   65]],

       [[1303,   66]],

       ...,

       [[1312,   66]],

       [[1311,   65]],

       [[1311,   64]]], dtype=int32)}",295146.5,11204.730343222618,1235.619384765625,494.2846984863281,0.02954232579606087,1352.0,553.0,158.06571052074085,173.87228157281496,2.4998131411907387,NG,NG
/tmp/potato_inspection_system/data/test/1021/100-150 ng/Pic_2025_10_21_154322_56.jpeg,100-150 ng,100-150,100,150,ng,False,,,125.0,125.0,filename,3,"{'area': 177620.0, 'perimeter': 3900.739237308502, 'major_axis': 710.8887939453125, 'minor_axis': 415.8705749511719, 'circularity': 0.14669249388278718, 'width': 760, 'height': 473, 'estimated_volume': 64.37491613144752, 'estimated_weight': 70.81240774459228, 'aspect_ratio': 1.7093991178115433, 'center': (1156.4976806640625, 1705.1357421875), 'contour': array([[[1150, 1463]],

       [[1149, 1464]],

       [[1148, 1464]],

       ...,

       [[1154, 1468]],

       [[1155, 1467]],

       [[1155, 1463]]], dtype=int32)}",177620.0,3900.739237308502,710.8887939453125,415.8705749511719,0.14669249388278718,760.0,473.0,64.37491613144752,70.81240774459228,1.7093991178115433,NG,NG
/tmp/potato_inspection_system/data/test/1021/100-150 ng/Pic_2025_10_21_154323_57.jpeg,100-150 ng,100-150,100,150,ng,False,,,125.0,125.0,filename,3,"{'area': 149246.0, 'perimeter': 2182.8427069187164, 'major_axis': 491.74285888671875, 'minor_axis': 396.4515686035156, 'circularity': 0.393611410770117, 'width': 472, 'height': 402, 'estimated_volume': 40.46848676453988, 'estimated_weight': 44.51533544099387, 'aspect_ratio': 1.240360482413685, 'center': (1089.6829833984375, 2712.467041015625), 'contour': array([[[1096, 2505]],

       [[1096, 2519]],

       [[1103, 2519]],

       [[1104, 2520]],

       [[1104, 2535]],

       [[1103, 2536]],

       [[1088, 2536]],

       [[1088, 2543]],

       [[1087, 2544]],

       [[1080, 2544]],

       [[1080, 2551]],

       [[1079, 2552]],

       [[1056, 2552]],

       [[1055, 2551]],

       [[1055, 2544]],

       [[1056, 2543]],

       [[1063, 2543]],

       [[1063, 2536]],

       [[1053, 2536]],

       [[1052, 2535]],

       [[1051, 2535]],

       [[1050, 2534]],

       [[1050, 2529]],

       [[1051, 2528]],

       [[1052, 2528]],

       [[1052, 2524]],

       [[1053, 2523]],

       [[1055, 2523]],

       [[1055, 2520]],

       [[1056, 2519]],

       [[1070, 2519]],

       [[1070, 2511]],

       [[1064, 2511]],

       [[1063, 2510]],

       [[1040, 2510]],

       [[1039, 2511]],

       [[1037, 2511]],

       [[1036, 2512]],

       [[1019, 2512]],

       [[1019, 2513]],

       [[1018, 2514]],

       [[1016, 2514]],

       [[1016, 2521]],

       [[1017, 2521]],

       [[1019, 2523]],

       [[1019, 2527]],

       [[1018, 2528]],

       [[1000, 2528]],

       [[ 999, 2527]],

       [[ 999, 2517]],

       [[ 992, 2517]],

       [[ 992, 2519]],

       [[ 991, 2520]],

       [[ 984, 2520]],

       [[ 984, 2521]],

       [[ 983, 2522]],

       [[ 981, 2522]],

       [[ 980, 2523]],

       [[ 978, 2523]],

       [[ 977, 2524]],

       [[ 976, 2524]],

       [[ 975, 2525]],

       [[ 974, 2525]],

       [[ 973, 2526]],

       [[ 972, 2526]],

       [[ 971, 2527]],

       [[ 968, 2527]],

       [[ 967, 2528]],

       [[ 966, 2528]],

       [[ 966, 2529]],

       [[ 964, 2531]],

       [[ 963, 2531]],

       [[ 963, 2532]],

       [[ 961, 2534]],

       [[ 960, 2534]],

       [[ 960, 2535]],

       [[ 959, 2536]],

       [[ 952, 2536]],

       [[ 952, 2551]],

       [[ 967, 2551]],

       [[ 968, 2552]],

       [[ 968, 2559]],

       [[ 967, 2560]],

       [[ 960, 2560]],

       [[ 960, 2567]],

       [[ 959, 2568]],

       [[ 952, 2568]],

       [[ 952, 2575]],

       [[ 951, 2576]],

       [[ 944, 2576]],

       [[ 944, 2583]],

       [[ 943, 2584]],

       [[ 936, 2584]],

       [[ 935, 2583]],

       [[ 935, 2576]],

       [[ 928, 2576]],

       [[ 927, 2575]],

       [[ 927, 2568]],

       [[ 928, 2567]],

       [[ 935, 2567]],

       [[ 935, 2560]],

       [[ 936, 2559]],

       [[ 943, 2559]],

       [[ 943, 2552]],

       [[ 936, 2552]],

       [[ 936, 2559]],

       [[ 935, 2560]],

       [[ 928, 2560]],

       [[ 928, 2567]],

       [[ 927, 2568]],

       [[ 920, 2568]],

       [[ 920, 2575]],

       [[ 919, 2576]],

       [[ 915, 2576]],

       [[ 912, 2579]],

       [[ 912, 2583]],

       [[ 911, 2584]],

       [[ 904, 2584]],

       [[ 904, 2591]],

       [[ 903, 2592]],

       [[ 896, 2592]],

       [[ 896, 2607]],

       [[ 895, 2608]],

       [[ 888, 2608]],

       [[ 888, 2615]],

       [[ 887, 2616]],

       [[ 880, 2616]],

       [[ 880, 2631]],

       [[ 879, 2632]],

       [[ 872, 2632]],

       [[ 872, 2639]],

       [[ 871, 2640]],

       [[ 868, 2640]],

       [[ 868, 2642]],

       [[ 867, 2643]],

       [[ 867, 2644]],

       [[ 865, 2646]],

       [[ 865, 2647]],

       [[ 864, 2648]],

       [[ 862, 2648]],

       [[ 862, 2655]],

       [[ 863, 2655]],

       [[ 864, 2656]],

       [[ 864, 2671]],

       [[ 863, 2672]],

       [[ 856, 2672]],

       [[ 856, 2679]],

       [[ 857, 2680]],

       [[ 857, 2687]],

       [[ 856, 2688]],

       [[ 856, 2711]],

       [[ 863, 2711]],

       [[ 864, 2712]],

       [[ 864, 2756]],

       [[ 863, 2757]],

       [[ 861, 2757]],

       [[ 861, 2758]],

       [[ 859, 2760]],

       [[ 856, 2760]],

       [[ 856, 2799]],

       [[ 863, 2799]],

       [[ 864, 2800]],

       [[ 864, 2815]],

       [[ 871, 2815]],

       [[ 872, 2816]],

       [[ 872, 2823]],

       [[ 882, 2823]],

       [[ 883, 2824]],

       [[ 883, 2831]],

       [[ 882, 2832]],

       [[ 880, 2832]],

       [[ 880, 2839]],

       [[ 887, 2839]],

       [[ 888, 2840]],

       [[ 888, 2847]],

       [[ 895, 2847]],

       [[ 896, 2848]],

       [[ 896, 2863]],

       [[ 903, 2863]],

       [[ 904, 2864]],

       [[ 904, 2871]],

       [[ 911, 2871]],

       [[ 912, 2872]],

       [[ 912, 2875]],

       [[ 919, 2875]],

       [[ 920, 2876]],

       [[ 920, 2879]],

       [[ 927, 2879]],

       [[ 928, 2880]],

       [[ 928, 2887]],

       [[ 951, 2887]],

       [[ 951, 2884]],

       [[ 952, 2883]],

       [[ 959, 2883]],

       [[ 960, 2884]],

       [[ 960, 2895]],

       [[ 971, 2895]],

       [[ 971, 2894]],

       [[ 974, 2891]],

       [[ 983, 2891]],

       [[ 984, 2892]],

       [[ 984, 2893]],

       [[1007, 2893]],

       [[1008, 2894]],

       [[1008, 2895]],

       [[1015, 2895]],

       [[1016, 2896]],

       [[1016, 2897]],

       [[1017, 2897]],

       [[1023, 2903]],

       [[1028, 2903]],

       [[1029, 2904]],

       [[1029, 2905]],

       [[1030, 2906]],

       [[1047, 2906]],

       [[1047, 2904]],

       [[1048, 2903]],

       [[1079, 2903]],

       [[1080, 2904]],

       [[1080, 2905]],

       [[1087, 2905]],

       [[1087, 2904]],

       [[1088, 2903]],

       [[1095, 2903]],

       [[1095, 2896]],

       [[1096, 2895]],

       [[1127, 2895]],

       [[1127, 2888]],

       [[1128, 2887]],

       [[1167, 2887]],

       [[1168, 2888]],

       [[1168, 2895]],

       [[1207, 2895]],

       [[1207, 2880]],

       [[1177, 2880]],

       [[1176, 2879]],

       [[1176, 2872]],

       [[1175, 2871]],

       [[1175, 2864]],

       [[1176, 2863]],

       [[1191, 2863]],

       [[1192, 2864]],

       [[1192, 2871]],

       [[1223, 2871]],

       [[1223, 2864]],

       [[1224, 2863]],

       [[1249, 2863]],

       [[1250, 2864]],

       [[1250, 2867]],

       [[1255, 2867]],

       [[1256, 2866]],

       [[1257, 2866]],

       [[1260, 2863]],

       [[1263, 2863]],

       [[1263, 2862]],

       [[1264, 2861]],

       [[1271, 2861]],

       [[1271, 2856]],

       [[1272, 2855]],

       [[1279, 2855]],

       [[1279, 2848]],

       [[1280, 2847]],

       [[1282, 2847]],

       [[1283, 2846]],

       [[1283, 2845]],

       [[1286, 2842]],

       [[1287, 2842]],

       [[1287, 2837]],

       [[1289, 2835]],

       [[1289, 2834]],

       [[1290, 2833]],

       [[1290, 2832]],

       [[1291, 2831]],

       [[1292, 2831]],

       [[1292, 2829]],

       [[1294, 2827]],

       [[1295, 2827]],

       [[1295, 2820]],

       [[1296, 2819]],

       [[1297, 2819]],

       [[1297, 2818]],

       [[1298, 2817]],

       [[1299, 2817]],

       [[1300, 2816]],

       [[1300, 2813]],

       [[1301, 2812]],

       [[1301, 2811]],

       [[1303, 2809]],

       [[1303, 2808]],

       [[1304, 2807]],

       [[1304, 2804]],

       [[1305, 2803]],

       [[1305, 2802]],

       [[1306, 2801]],

       [[1306, 2800]],

       [[1307, 2799]],

       [[1307, 2798]],

       [[1308, 2797]],

       [[1308, 2792]],

       [[1309, 2791]],

       [[1311, 2791]],

       [[1311, 2784]],

       [[1312, 2783]],

       [[1312, 2777]],

       [[1314, 2775]],

       [[1314, 2772]],

       [[1315, 2771]],

       [[1315, 2766]],

       [[1316, 2765]],

       [[1316, 2763]],

       [[1317, 2762]],

       [[1317, 2760]],

       [[1318, 2759]],

       [[1319, 2759]],

       [[1319, 2752]],

       [[1320, 2751]],

       [[1320, 2748]],

       [[1321, 2747]],

       [[1321, 2746]],

       [[1322, 2745]],

       [[1322, 2739]],

       [[1323, 2738]],

       [[1323, 2730]],

       [[1324, 2729]],

       [[1324, 2721]],

       [[1325, 2720]],

       [[1325, 2712]],

       [[1326, 2711]],

       [[1327, 2711]],

       [[1327, 2680]],

       [[1326, 2680]],

       [[1325, 2679]],

       [[1325, 2670]],

       [[1324, 2669]],

       [[1324, 2667]],

       [[1323, 2666]],

       [[1323, 2663]],

       [[1322, 2662]],

       [[1322, 2653]],

       [[1321, 2652]],

       [[1321, 2648]],

       [[1320, 2648]],

       [[1319, 2647]],

       [[1319, 2640]],

       [[1318, 2640]],

       [[1317, 2639]],

       [[1317, 2634]],

       [[1316, 2633]],

       [[1316, 2631]],

       [[1315, 2630]],

       [[1315, 2629]],

       [[1314, 2628]],

       [[1314, 2627]],

       [[1313, 2626]],

       [[1313, 2624]],

       [[1312, 2624]],

       [[1311, 2623]],

       [[1311, 2616]],

       [[1309, 2616]],

       [[1308, 2615]],

       [[1308, 2612]],

       [[1307, 2611]],

       [[1307, 2610]],

       [[1306, 2609]],

       [[1306, 2608]],

       [[1304, 2608]],

       [[1303, 2607]],

       [[1303, 2600]],

       [[1302, 2600]],

       [[1300, 2598]],

       [[1300, 2597]],

       [[1297, 2594]],

       [[1296, 2594]],

       [[1295, 2593]],

       [[1295, 2591]],

       [[1294, 2591]],

       [[1289, 2586]],

       [[1288, 2586]],

       [[1287, 2585]],

       [[1287, 2584]],

       [[1285, 2584]],

       [[1284, 2583]],

       [[1284, 2576]],

       [[1280, 2576]],

       [[1279, 2575]],

       [[1279, 2571]],

       [[1278, 2570]],

       [[1278, 2568]],

       [[1272, 2568]],

       [[1271, 2567]],

       [[1264, 2567]],

       [[1263, 2566]],

       [[1263, 2559]],

       [[1261, 2557]],

       [[1261, 2556]],

       [[1260, 2556]],

       [[1258, 2554]],

       [[1258, 2553]],

       [[1257, 2552]],

       [[1256, 2552]],

       [[1255, 2551]],

       [[1255, 2549]],

       [[1240, 2549]],

       [[1239, 2548]],

       [[1239, 2544]],

       [[1232, 2544]],

       [[1231, 2543]],

       [[1224, 2543]],

       [[1223, 2542]],

       [[1223, 2536]],

       [[1216, 2536]],

       [[1216, 2543]],

       [[1215, 2544]],

       [[1168, 2544]],

       [[1167, 2543]],

       [[1167, 2536]],

       [[1168, 2535]],

       [[1199, 2535]],

       [[1199, 2528]],

       [[1184, 2528]],

       [[1183, 2527]],

       [[1183, 2525]],

       [[1176, 2525]],

       [[1176, 2527]],

       [[1175, 2528]],

       [[1168, 2528]],

       [[1167, 2527]],

       [[1167, 2520]],

       [[1152, 2520]],

       [[1151, 2519]],

       [[1151, 2517]],

       [[1144, 2517]],

       [[1144, 2519]],

       [[1143, 2520]],

       [[1136, 2520]],

       [[1135, 2519]],

       [[1135, 2512]],

       [[1106, 2512]],

       [[1105, 2511]],

       [[1105, 2507]],

       [[1104, 2507]],

       [[1102, 2505]]], dtype=int32)}",149246.0,2182.8427069187164,491.74285888671875,396.4515686035156,0.393611410770117,472.0,402.0,40.46848676453988,44.51533544099387,1.240360482413685,NG,NG
/tmp/potato_inspection_system/data/test/1021/100-150 ng/Pic_2025_10_21_154324_58.jpeg,100-150 ng,100-150,100,150,ng,False,,,125.0,125.0,filename,3,"{'area': 103017.0, 'perimeter': 7924.067226290703, 'major_axis': 1081.209228515625, 'minor_axis': 179.5495147705078, 'circularity': 0.020616857053929707, 'width': 1088, 'height': 195, 'estimated_volume': 18.250587017372602, 'estimated_weight': 20.075645719109865, 'aspect_ratio': 6.021788640852516, 'center': (2625.48681640625, 526.7680053710938), 'contour': array([[[2368,  433]],

       [[2368,  439]],

       [[2367,  440]],

       ...,

       [[2376,  448]],

       [[2375,  447]],

       [[2375,  433]]], dtype=int32)}",103017.0,7924.067226290703,1081.209228515625,179.5495147705078,0.020616857053929707,1088.0,195.0,18.250587017372602,20.075645719109865,6.021788640852516,NG,NG
/tmp/potato_inspection_system/data/test/1021/100-150 ng/Pic_2025_10_21_154326_60.jpeg,100-150 ng,100-150,100,150,ng,False,,,125.0,125.0,filename,3,"{'area': 211172.5, 'perimeter': 9518.005386590958, 'major_axis': 1261.77783203125, 'minor_axis': 488.15362548828125, 'circularity': 0.029292425426017777, 'width': 1499, 'height': 535, 'estimated_volume': 157.432558599249, 'estimated_weight': 173.17581445917392, 'aspect_ratio': 2.5847966012116417, 'center': (2946.0126953125, 329.21502685546875), 'contour': array([[[2958,    0]],

       [[2958,    7]],

       [[2957,    8]],

       ...,

       [[3276,    3]],

       [[3275,    2]],

       [[3275,    0]]], dtype=int32)}",211172.5,9518.005386590958,1261.77783203125,488.15362548828125,0.029292425426017777,1499.0,535.0,157.432558599249,173.17581445917392,2.5847966012116417,NG,NG
/tmp/potato_inspection_system/data/test/1021/100-150 ng/Pic_2025_10_21_154328_62.jpeg,100-150 ng,100-150,100,150,ng,False,,,125.0,125.0,filename,3,"{'area': 168327.0, 'perimeter': 4644.528120398521, 'major_axis': 712.297119140625, 'minor_axis': 406.8858642578125, 'circularity': 0.09805741812511343, 'width': 769, 'height': 453, 'estimated_volume': 61.74545773264782, 'estimated_weight': 67.9200035059126, 'aspect_ratio': 1.7506066976298216, 'center': (3086.017578125, 2025.02197265625), 'contour': array([[[3186, 1813]],

       [[3185, 1814]],

       [[3185, 1820]],

       ...,

       [[3191, 1818]],

       [[3190, 1817]],

       [[3190, 1813]]], dtype=int32)}",168327.0,4644.528120398521,712.297119140625,406.8858642578125,0.09805741812511343,769.0,453.0,61.74545773264782,67.9200035059126,1.7506066976298216,NG,NG
/tmp/potato_inspection_system/data/test/1021/100-150 ng/Pic_2025_10_21_154327_61.jpeg,100-150 ng,100-150,100,150,ng,False,,,125.0,125.0,filename,3,"{'area': 376973.5, 'perimeter': 16704.190362095833, 'major_axis': 1244.2103271484375, 'minor_axis': 675.8707275390625, 'circularity': 0.016977346973935766, 'width': 1215, 'height': 840, 'estimated_volume': 297.59093541645956, 'estimated_weight': 327.35002895810555, 'aspect_ratio': 1.8408998591768828, 'center': (941.3152465820312, 514.4815063476562), 'contour': array([[[1088,   64]],

       [[1088,   71]],

       [[1095,   71]],

       ...,

       [[1112,   72]],

       [[1111,   71]],

       [[1111,   64]]], dtype=int32)}",376973.5,16704.190362095833,1244.2103271484375,675.8707275390625,0.016977346973935766,1215.0,840.0,297.59093541645956,327.35002895810555,1.8408998591768828,NG,NG
/tmp/potato_inspection_system/data/test/1021/100-150 ng/Pic_2025_10_21_154325_59.jpeg,100-150 ng,100-150,100,150,ng,False,,,125.0,125.0,filename,3,"{'area': 101345.0, 'perimeter': 8691.062174201012, 'major_axis': 1192.91259765625, 'minor_axis': 449.3906555175781, 'circularity': 0.016860345793803307, 'width': 1357, 'height': 544, 'estimated_volume': 126.14072489992564, 'estimated_weight': 138.75479738991822, 'aspect_ratio': 2.6545113544524708, 'center': (821.169677734375, 927.6363525390625), 'contour': array([[[320, 684]],

       [[320, 703]],

       [[322, 703]],

       ...,

       [[328, 688]],

       [[327, 687]],

       [[327, 684]]], dtype=int32)}",101345.0,8691.062174201012,1192.91259765625,449.3906555175781,0.016860345793803307,1357.0,544.0,126.14072489992564,138.75479738991822,2.6545113544524708,NG,NG
/tmp/potato_inspection_system/data/test/1021/100-150 ng/Pic_2025_10_21_154330_64.jpeg,100-150 ng,100-150,100,150,ng,False,,,125.0,125.0,filename,3,"{'area': 338934.0, 'perimeter': 8938.449036955833, 'major_axis': 1028.3870849609375, 'minor_axis': 556.7703247070312, 'circularity': 0.05330901577977731, 'width': 1140, 'height': 616, 'estimated_volume': 166.9196232248343, 'estimated_weight': 183.61158554731776, 'aspect_ratio': 1.8470580045767844, 'center': (759.039306640625, 1797.485595703125), 'contour': array([[[ 472, 1472]],

       [[ 472, 1479]],

       [[ 471, 1480]],

       ...,

       [[ 488, 1488]],

       [[ 487, 1487]],

       [[ 487, 1472]]], dtype=int32)}",338934.0,8938.449036955833,1028.3870849609375,556.7703247070312,0.05330901577977731,1140.0,616.0,166.9196232248343,183.61158554731776,1.8470580045767844,NG,NG
/tmp/potato_inspection_system/data/test/1021/100-150 ng/Pic_2025_10_21_154329_63.jpeg,100-150 ng,100-150,100,150,ng,False,,,125.0,125.0,filename,3,"{'area': 408908.5, 'perimeter': 9692.314042210579, 'major_axis': 1066.08984375, 'minor_axis': 622.2463989257812, 'circularity': 0.054699209202216256, 'width': 1272, 'height': 792, 'estimated_volume': 216.1310743036675, 'estimated_weight': 237.74418173403427, 'aspect_ratio': 1.713292106777075, 'center': (874.5769653320312, 697.1748046875), 'contour': array([[[1168,  256]],

       [[1168,  279]],

       [[1167,  280]],

       ...,

       [[1184,  264]],

       [[1183,  263]],

       [[1183,  256]]], dtype=int32)}",408908.5,9692.314042210579,1066.08984375,622.2463989257812,0.054699209202216256,1272.0,792.0,216.1310743036675,237.74418173403427,1.713292106777075,NG,NG
/tmp/potato_inspection_system/data/test/1021/100-150 ng/Pic_2025_10_21_154331_65.jpeg,100-150 ng,100-150,100,150,ng,False,,,125.0,125.0,filename,3,"{'area': 286760.0, 'perimeter': 11840.830848932266, 'major_axis': 1340.4344482421875, 'minor_axis': 613.70849609375, 'circularity': 0.025701832063112565, 'width': 1335, 'height': 719, 'estimated_volume': 264.34340142514145, 'estimated_weight': 290.7777415676556, 'aspect_ratio': 2.1841549477871705, 'center': (1076.280029296875, 1277.9371337890625), 'contour': array([[[1386,  923]],

       [[1385,  924]],

       [[1376,  924]],

       ...,

       [[1399,  924]],

       [[1395,  924]],

       [[1394,  923]]], dtype=int32)}",286760.0,11840.830848932266,1340.4344482421875,613.70849609375,0.025701832063112565,1335.0,719.0,264.34340142514145,290.7777415676556,2.1841549477871705,NG,NG
/tmp/potato_inspection_system/data/test/1021/100-150 ng/Pic_2025_10_21_154334_68.jpeg,100-150 ng,100-150,100,150,ng,False,,,125.0,125.0,filename,3,"{'area': 811343.5, 'perimeter': 19996.13983619213, 'major_axis': 1318.470703125, 'minor_axis': 1130.28759765625, 'circularity': 0.025498949853823744, 'width': 1470, 'height': 1161, 'estimated_volume': 881.9562268907937, 'estimated_weight': 970.1518495798731, 'aspect_ratio': 1.166491347741021, 'center': (936.7903442382812, 585.5870361328125), 'contour': array([[[400,   0]],

       [[400,   9]],

       [[404,   9]],

       ...,

       [[459,   2]],

       [[463,   2]],

       [[463,   0]]], dtype=int32)}",811343.5,19996.13983619213,1318.470703125,1130.28759765625,0.025498949853823744,1470.0,1161.0,881.9562268907937,970.1518495798731,1.166491347741021,NG,NG
/tmp/potato_inspection_system/data/test/1021/100-150 ng/Pic_2025_10_21_154335_69.jpeg,100-150 ng,100-150,100,150,ng,False,,,125.0,125.0,filename,3,"{'area': 587420.0, 'perimeter': 18100.41279256344, 'major_axis': 1705.3343505859375, 'minor_axis': 681.1063842773438, 'circularity': 0.02253106052551647, 'width': 1460, 'height': 1042, 'estimated_volume': 414.2266768324432, 'estimated_weight': 455.6493445156876, 'aspect_ratio': 2.503770908556823, 'center': (828.2333374023438, 1173.039306640625), 'contour': array([[[280, 584]],

       [[280, 631]],

       [[279, 632]],

       ...,

       [[288, 600]],

       [[287, 599]],

       [[287, 584]]], dtype=int32)}",587420.0,18100.41279256344,1705.3343505859375,681.1063842773438,0.02253106052551647,1460.0,1042.0,414.2266768324432,455.6493445156876,2.503770908556823,NG,NG
/tmp/potato_inspection_system/data/test/1021/100-150 ng/Pic_2025_10_21_154332_66.jpeg,100-150 ng,100-150,100,150,ng,False,,,125.0,125.0,filename,3,"{'area': 258986.5, 'perimeter': 7875.495719075203, 'major_axis': 1142.6219482421875, 'minor_axis': 326.9084777832031, 'circularity': 0.05247243170979071, 'width': 1304, 'height': 407, 'estimated_volume': 63.93719083860991, 'estimated_weight': 70.33090992247091, 'aspect_ratio': 3.4952349843920034, 'center': (945.79833984375, 231.25985717773438), 'contour': array([[[ 781,    0]],

       [[ 781,    7]],

       [[ 787,    7]],

       ...,

       [[1253,    7]],

       [[1255,    7]],

       [[1255,    0]]], dtype=int32)}",258986.5,7875.495719075203,1142.6219482421875,326.9084777832031,0.05247243170979071,1304.0,407.0,63.93719083860991,70.33090992247091,3.4952349843920034,NG,NG
/tmp/potato_inspection_system/data/test/1021/100-150 ng/Pic_2025_10_21_154336_70.jpeg,100-150 ng,100-150,100,150,ng,False,,,125.0,125.0,filename,3,"{'area': 414718.5, 'perimeter': 8930.764833688736, 'major_axis': 1020.8675537109375, 'minor_axis': 705.6739501953125, 'circularity': 0.06534102844889957, 'width': 822, 'height': 1052, 'estimated_volume': 266.1804744458528, 'estimated_weight': 292.7985218904381, 'aspect_ratio': 1.4466561411660264, 'center': (1237.6209716796875, 2457.568359375), 'contour': array([[[1275, 1948]],

       [[1275, 1950]],

       [[1274, 1951]],

       ...,

       [[1280, 1953]],

       [[1279, 1952]],

       [[1279, 1948]]], dtype=int32)}",414718.5,8930.764833688736,1020.8675537109375,705.6739501953125,0.06534102844889957,822.0,1052.0,266.1804744458528,292.7985218904381,1.4466561411660264,NG,NG
/tmp/potato_inspection_system/data/test/1021/100-150 ng/Pic_2025_10_21_154333_67.jpeg,100-150 ng,100-150,100,150,ng,False,,,125.0,125.0,filename,3,"{'area': 538828.5, 'perimeter': 16826.062507510185, 'major_axis': 1350.7342529296875, 'minor_axis': 801.7881469726562, 'circularity': 0.023916378983012628, 'width': 1384, 'height': 1078, 'estimated_volume': 454.66110054030486, 'estimated_weight': 500.1272105943354, 'aspect_ratio': 1.6846523087547616, 'center': (834.9730224609375, 952.6354370117188), 'contour': array([[[304, 320]],

       [[304, 321]],

       [[299, 326]],

       ...,

       [[312, 336]],

       [[311, 335]],

       [[311, 320]]], dtype=int32)}",538828.5,16826.062507510185,1350.7342529296875,801.7881469726562,0.023916378983012628,1384.0,1078.0,454.66110054030486,500.1272105943354,1.6846523087547616,NG,NG
/tmp/potato_inspection_system/data/test/1021/100-150 ng/Pic_2025_10_21_154337_71.jpeg,100-150 ng,100-150,100,150,ng,False,,,125.0,125.0,filename,3,"{'area': 590282.0, 'perimeter': 8436.885547876358, 'major_axis': 1758.0682373046875, 'minor_axis': 493.4422302246094, 'circularity': 0.1042089665122539, 'width': 1499, 'height': 496, 'estimated_volume': 224.13360676108675, 'estimated_weight': 246.54696743719546, 'aspect_ratio': 3.5628653763672284, 'center': (2764.236572265625, 999.2866821289062), 'contour': array([[[2336,  749]],

       [[2336,  754]],

       [[2337,  755]],

       ...,

       [[2342,  756]],

       [[2340,  754]],

       [[2340,  749]]], dtype=int32)}",590282.0,8436.885547876358,1758.0682373046875,493.4422302246094,0.1042089665122539,1499.0,496.0,224.13360676108675,246.54696743719546,3.5628653763672284,NG,NG
/tmp/potato_inspection_system/data/test/1021/100-150 ng/Pic_2025_10_21_154340_74.jpeg,100-150 ng,100-150,100,150,ng,False,,,125.0,125.0,filename,3,"{'area': 403471.5, 'perimeter': 11248.137417078018, 'major_axis': 1309.8170166015625, 'minor_axis': 643.4603271484375, 'circularity': 0.04007388984509974, 'width': 1296, 'height': 643, 'estimated_volume': 283.95714532653915, 'estimated_weight': 312.3528598591931, 'aspect_ratio': 2.03558317636482, 'center': (980.0531616210938, 556.2352294921875), 'contour': array([[[1496,  248]],

       [[1496,  251]],

       [[1495,  252]],

       ...,

       [[1511,  249]],

       [[1504,  249]],

       [[1503,  248]]], dtype=int32)}",403471.5,11248.137417078018,1309.8170166015625,643.4603271484375,0.04007388984509974,1296.0,643.0,283.95714532653915,312.3528598591931,2.03558317636482,NG,NG
/tmp/potato_inspection_system/data/test/1021/100-150 ng/Pic_2025_10_21_154341_75.jpeg,100-150 ng,100-150,100,150,ng,False,,,125.0,125.0,filename,3,"{'area': 447007.0, 'perimeter': 8775.041962742805, 'major_axis': 1433.4620361328125, 'minor_axis': 489.7780456542969, 'circularity': 0.07295008196723587, 'width': 1386, 'height': 495, 'estimated_volume': 180.04598692068214, 'estimated_weight': 198.05058561275038, 'aspect_ratio': 2.926758454878972, 'center': (2698.310791015625, 1562.759765625), 'contour': array([[[2351, 1342]],

       [[2351, 1343]],

       [[2350, 1344]],

       ...,

       [[2358, 1344]],

       [[2358, 1343]],

       [[2357, 1342]]], dtype=int32)}",447007.0,8775.041962742805,1433.4620361328125,489.7780456542969,0.07295008196723587,1386.0,495.0,180.04598692068214,198.05058561275038,2.926758454878972,NG,NG
/tmp/potato_inspection_system/data/test/1021/100-150 ng/Pic_2025_10_21_154338_72.jpeg,100-150 ng,100-150,100,150,ng,False,,,125.0,125.0,filename,3,"{'area': 323991.0, 'perimeter': 10089.350619792938, 'major_axis': 1096.2099609375, 'minor_axis': 563.1878662109375, 'circularity': 0.03999598354080108, 'width': 1216, 'height': 627, 'estimated_volume': 182.05346333006773, 'estimated_weight': 200.25880966307452, 'aspect_ratio': 1.9464374620012204, 'center': (775.8544311523438, 1334.28271484375), 'contour': array([[[1008, 1053]],

       [[1008, 1063]],

       [[1007, 1064]],

       ...,

       [[1017, 1062]],

       [[1015, 1060]],

       [[1015, 1053]]], dtype=int32)}",323991.0,10089.350619792938,1096.2099609375,563.1878662109375,0.03999598354080108,1216.0,627.0,182.05346333006773,200.25880966307452,1.9464374620012204,NG,NG
/tmp/potato_inspection_system/data/test/1021/100-150 ng/Pic_2025_10_21_154339_73.jpeg,100-150 ng,100-150,100,150,ng,False,,,125.0,125.0,filename,3,"{'area': 389917.0, 'perimeter': 7370.3413915634155, 'major_axis': 1467.60791015625, 'minor_axis': 426.9840393066406, 'circularity': 0.09020005971540312, 'width': 1384, 'height': 436, 'estimated_volume': 140.09800433920515, 'estimated_weight': 154.10780477312568, 'aspect_ratio': 3.4371493429577127, 'center': (2752.68896484375, 232.06338500976562), 'contour': array([[[2179,    0]],

       [[2179,    2]],

       [[2178,    3]],

       ...,

       [[2525,    3]],

       [[2524,    2]],

       [[2524,    0]]], dtype=int32)}",389917.0,7370.3413915634155,1467.60791015625,426.9840393066406,0.09020005971540312,1384.0,436.0,140.09800433920515,154.10780477312568,3.4371493429577127,NG,NG
/tmp/potato_inspection_system/data/test/1021/100-150 ng/Pic_2025_10_21_154344_78.jpeg,100-150 ng,100-150,100,150,ng,False,,,125.0,125.0,filename,3,"{'area': 467670.0, 'perimeter': 14504.256376504898, 'major_axis': 1126.749267578125, 'minor_axis': 1081.4971923828125, 'circularity': 0.027935628095760296, 'width': 1181, 'height': 1047, 'estimated_volume': 690.0438655950256, 'estimated_weight': 759.0482521545283, 'aspect_ratio': 1.0418420644214625, 'center': (2726.702880859375, 917.5799560546875), 'contour': array([[[2983,  408]],

       [[2983,  411]],

       [[2981,  413]],

       ...,

       [[2988,  413]],

       [[2989,  412]],

       [[2989,  408]]], dtype=int32)}",467670.0,14504.256376504898,1126.749267578125,1081.4971923828125,0.027935628095760296,1181.0,1047.0,690.0438655950256,759.0482521545283,1.0418420644214625,NG,NG
/tmp/potato_inspection_system/data/test/1021/100-150 ng/Pic_2025_10_21_154346_80.jpeg,100-150 ng,100-150,100,150,ng,False,,,125.0,125.0,filename,3,"{'area': 284334.5, 'perimeter': 14160.921248793602, 'major_axis': 2319.58251953125, 'minor_axis': 272.3217468261719, 'circularity': 0.017817895488233322, 'width': 2667, 'height': 320, 'estimated_volume': 90.06853482493922, 'estimated_weight': 99.07538830743314, 'aspect_ratio': 8.517801264736612, 'center': (1671.502685546875, 171.83546447753906), 'contour': array([[[1568,    0]],

       [[1568,    7]],

       [[1567,    8]],

       ...,

       [[1576,    8]],

       [[1575,    7]],

       [[1575,    0]]], dtype=int32)}",284334.5,14160.921248793602,2319.58251953125,272.3217468261719,0.017817895488233322,2667.0,320.0,90.06853482493922,99.07538830743314,8.517801264736612,NG,NG
/tmp/potato_inspection_system/data/test/1021/100-150 ng/Pic_2025_10_21_154342_76.jpeg,100-150 ng,100-150,100,150,ng,False,,,125.0,125.0,filename,3,"{'area': 427809.0, 'perimeter': 17150.849303245544, 'major_axis': 1518.9425048828125, 'minor_axis': 697.8145141601562, 'circularity': 0.018276310122256615, 'width': 1293, 'height': 840, 'estimated_volume': 387.2754382991984, 'estimated_weight': 426.00298212911827, 'aspect_ratio': 2.1767138316274663, 'center': (867.6342163085938, 1467.3602294921875), 'contour': array([[[ 280, 1032]],

       [[ 280, 1047]],

       [[ 279, 1048]],

       ...,

       [[ 285, 1048]],

       [[ 284, 1047]],

       [[ 284, 1032]]], dtype=int32)}",427809.0,17150.849303245544,1518.9425048828125,697.8145141601562,0.018276310122256615,1293.0,840.0,387.2754382991984,426.00298212911827,2.1767138316274663,NG,NG
/tmp/potato_inspection_system/data/test/1021/100-150 ng/Pic_2025_10_21_154343_77.jpeg,100-150 ng,100-150,100,150,ng,False,,,125.0,125.0,filename,3,"{'area': 283051.5, 'perimeter': 10619.877531051636, 'major_axis': 1190.2371826171875, 'minor_axis': 481.3000183105469, 'circularity': 0.03153815678238138, 'width': 1170, 'height': 724, 'estimated_volume': 144.36565714003044, 'estimated_weight': 158.8022228540335, 'aspect_ratio': 2.4729630944024117, 'center': (882.7587280273438, 1862.416748046875), 'contour': array([[[1080, 1532]],

       [[1080, 1538]],

       [[1084, 1538]],

       ...,

       [[1088, 1534]],

       [[1087, 1533]],

       [[1087, 1532]]], dtype=int32)}",283051.5,10619.877531051636,1190.2371826171875,481.3000183105469,0.03153815678238138,1170.0,724.0,144.36565714003044,158.8022228540335,2.4729630944024117,NG,NG
/tmp/potato_inspection_system/data/test/1021/100-150 ng/Pic_2025_10_21_154347_81.jpeg,100-150 ng,100-150,100,150,ng,False,,,125.0,125.0,filename,3,"{'area': 414280.0, 'perimeter': 16204.849304437637, 'major_axis': 1255.3995361328125, 'minor_axis': 669.3294067382812, 'circularity': 0.019825029315618015, 'width': 1302, 'height': 768, 'estimated_volume': 294.4831148406889, 'estimated_weight': 323.93142632475787, 'aspect_ratio': 1.875607919649785, 'center': (931.01220703125, 412.348388671875), 'contour': array([[[1001,    0]],

       [[1001,    5]],

       [[1000,    6]],

       ...,

       [[1016,    4]],

       [[1015,    3]],

       [[1015,    0]]], dtype=int32)}",414280.0,16204.849304437637,1255.3995361328125,669.3294067382812,0.019825029315618015,1302.0,768.0,294.4831148406889,323.93142632475787,1.875607919649785,NG,NG
/tmp/potato_inspection_system/data/test/1021/100-150 ng/Pic_2025_10_21_154348_82.jpeg,100-150 ng,100-150,100,150,ng,False,,,125.0,125.0,filename,3,"{'area': 309663.0, 'perimeter': 8342.189149856567, 'major_axis': 1185.8045654296875, 'minor_axis': 538.468505859375, 'circularity': 0.05591638872429011, 'width': 1378, 'height': 576, 'estimated_volume': 180.02480733063558, 'estimated_weight': 198.02728806369916, 'aspect_ratio': 2.2021799836504625, 'center': (912.5303344726562, 1158.089111328125), 'contour': array([[[1056,  912]],

       [[1056,  919]],

       [[1055,  920]],

       ...,

       [[1064,  922]],

       [[1063,  921]],

       [[1063,  912]]], dtype=int32)}",309663.0,8342.189149856567,1185.8045654296875,538.468505859375,0.05591638872429011,1378.0,576.0,180.02480733063558,198.02728806369916,2.2021799836504625,NG,NG
/tmp/potato_inspection_system/data/test/1021/100-150 ng/Pic_2025_10_21_154349_83.jpeg,100-150 ng,100-150,100,150,ng,False,,,125.0,125.0,filename,3,"{'area': 263481.5, 'perimeter': 6919.93223130703, 'major_axis': 945.6357421875, 'minor_axis': 502.64801025390625, 'circularity': 0.06914428794879403, 'width': 992, 'height': 648, 'estimated_volume': 125.09802020888348, 'estimated_weight': 137.60782222977184, 'aspect_ratio': 1.8813080384220044, 'center': (856.1180419921875, 2186.918701171875), 'contour': array([[[ 934, 1864]],

       [[ 934, 1871]],

       [[ 935, 1871]],

       ...,

       [[ 944, 1898]],

       [[ 943, 1897]],

       [[ 943, 1864]]], dtype=int32)}",263481.5,6919.93223130703,945.6357421875,502.64801025390625,0.06914428794879403,992.0,648.0,125.09802020888348,137.60782222977184,1.8813080384220044,NG,NG
/tmp/potato_inspection_system/data/test/1021/100-150 ng/Pic_2025_10_21_154351_85.jpeg,100-150 ng,100-150,100,150,ng,False,,,125.0,125.0,filename,3,"{'area': 172035.5, 'perimeter': 2489.16860806942, 'major_axis': 551.5608520507812, 'minor_axis': 416.4229736328125, 'circularity': 0.34891473257206984, 'width': 579, 'height': 413, 'estimated_volume': 50.07966537330266, 'estimated_weight': 55.08763191063293, 'aspect_ratio': 1.3245207084495023, 'center': (806.334228515625, 2062.01123046875), 'contour': array([[[ 800, 1845]],

       [[ 799, 1846]],

       [[ 792, 1846]],

       ...,

       [[ 809, 1848]],

       [[ 808, 1847]],

       [[ 808, 1845]]], dtype=int32)}",172035.5,2489.16860806942,551.5608520507812,416.4229736328125,0.34891473257206984,579.0,413.0,50.07966537330266,55.08763191063293,1.3245207084495023,NG,NG
/tmp/potato_inspection_system/data/test/1021/100-150 ng/Pic_2025_10_21_154350_84.jpeg,100-150 ng,100-150,100,150,ng,False,,,125.0,125.0,filename,3,"{'area': 198873.0, 'perimeter': 1915.4600188732147, 'major_axis': 595.4633178710938, 'minor_axis': 427.63287353515625, 'circularity': 0.6811448953185676, 'width': 589, 'height': 436, 'estimated_volume': 57.01587611712905, 'estimated_weight': 62.717463728841956, 'aspect_ratio': 1.3924638509395137, 'center': (898.9893798828125, 1074.93115234375), 'contour': array([[[885, 856]],

       [[884, 857]],

       [[874, 857]],

       ...,

       [[935, 857]],

       [[931, 857]],

       [[930, 856]]], dtype=int32)}",198873.0,1915.4600188732147,595.4633178710938,427.63287353515625,0.6811448953185676,589.0,436.0,57.01587611712905,62.717463728841956,1.3924638509395137,NG,NG
/tmp/potato_inspection_system/data/test/1021/100-150 ng/Pic_2025_10_21_154345_79.jpeg,100-150 ng,100-150,100,150,ng,False,,,125.0,125.0,filename,3,"{'area': 183463.5, 'perimeter': 2873.0651384592056, 'major_axis': 619.1550903320312, 'minor_axis': 399.4855651855469, 'circularity': 0.27929849371409876, 'width': 665, 'height': 432, 'estimated_volume': 51.73688212332877, 'estimated_weight': 56.91057033566165, 'aspect_ratio': 1.5498810077016316, 'center': (2703.942138671875, 2206.532470703125), 'contour': array([[[2736, 1977]],

       [[2736, 1981]],

       [[2735, 1982]],

       ...,

       [[2736, 1983]],

       [[2743, 1983]],

       [[2743, 1977]]], dtype=int32)}",183463.5,2873.0651384592056,619.1550903320312,399.4855651855469,0.27929849371409876,665.0,432.0,51.73688212332877,56.91057033566165,1.5498810077016316,NG,NG
/tmp/potato_inspection_system/data/test/1021/150-200 OK/Pic_2025_10_21_154621_149.jpeg,150-200 OK,150-200,150,200,OK,True,,,175.0,175.0,filename,3,"{'area': 350024.0, 'perimeter': 12212.512088298798, 'major_axis': 1331.5303955078125, 'minor_axis': 639.764404296875, 'circularity': 0.029491555146209786, 'width': 1283, 'height': 767, 'estimated_volume': 285.3578687140687, 'estimated_weight': 313.8936555854756, 'aspect_ratio': 2.0812824010914053, 'center': (867.9163818359375, 1932.0556640625), 'contour': array([[[ 811, 1591]],

       [[ 811, 1598]],

       [[ 810, 1599]],

       ...,

       [[ 813, 1609]],

       [[ 815, 1609]],

       [[ 815, 1591]]], dtype=int32)}",350024.0,12212.512088298798,1331.5303955078125,639.764404296875,0.029491555146209786,1283.0,767.0,285.3578687140687,313.8936555854756,2.0812824010914053,Level 7,Level 7
/tmp/potato_inspection_system/data/test/1021/150-200 OK/Pic_2025_10_21_154619_147.jpeg,150-200 OK,150-200,150,200,OK,True,,,175.0,175.0,filename,3,"{'area': 986699.0, 'perimeter': 17860.059543013573, 'major_axis': 1494.4525146484375, 'minor_axis': 1206.99560546875, 'circularity': 0.038871271530492774, 'width': 1512, 'height': 1240, 'estimated_volume': 1139.966581987293, 'estimated_weight': 1253.9632401860224, 'aspect_ratio': 1.2381590354407714, 'center': (2721.16064453125, 849.3385009765625), 'contour': array([[[2269,  152]],

       [[2269,  153]],

       [[2268,  154]],

       ...,

       [[2288,  160]],

       [[2287,  159]],

       [[2287,  152]]], dtype=int32)}",986699.0,17860.059543013573,1494.4525146484375,1206.99560546875,0.038871271530492774,1512.0,1240.0,1139.966581987293,1253.9632401860224,1.2381590354407714,Level 7,Level 7
/tmp/potato_inspection_system/data/test/1021/150-200 OK/Pic_2025_10_21_154620_148.jpeg,150-200 OK,150-200,150,200,OK,True,,,175.0,175.0,filename,3,"{'area': 817375.0, 'perimeter': 21266.877864718437, 'major_axis': 1555.3209228515625, 'minor_axis': 982.5592651367188, 'circularity': 0.022710345457629056, 'width': 1344, 'height': 1433, 'estimated_volume': 786.2056257466022, 'estimated_weight': 864.8261883212625, 'aspect_ratio': 1.5829283566270647, 'center': (981.1607666015625, 1030.9415283203125), 'contour': array([[[288, 360]],

       [[288, 367]],

       [[287, 368]],

       ...,

       [[304, 367]],

       [[311, 367]],

       [[311, 360]]], dtype=int32)}",817375.0,21266.877864718437,1555.3209228515625,982.5592651367188,0.022710345457629056,1344.0,1433.0,786.2056257466022,864.8261883212625,1.5829283566270647,Level 7,Level 7
/tmp/potato_inspection_system/data/test/1021/150-200 OK/Pic_2025_10_21_154622_150.jpeg,150-200 OK,150-200,150,200,OK,True,,,175.0,175.0,filename,3,"{'area': 878305.5, 'perimeter': 27087.035489320755, 'major_axis': 1548.2005615234375, 'minor_axis': 1205.463134765625, 'circularity': 0.015042932710916621, 'width': 1387, 'height': 1802, 'estimated_volume': 1177.9685884421638, 'estimated_weight': 1295.7654472863803, 'aspect_ratio': 1.284320123007702, 'center': (898.2222900390625, 970.1741943359375), 'contour': array([[[ 906,    0]],

       [[ 906,    7]],

       [[ 905,    8]],

       ...,

       [[1352,    3]],

       [[1351,    2]],

       [[1351,    0]]], dtype=int32)}",878305.5,27087.035489320755,1548.2005615234375,1205.463134765625,0.015042932710916621,1387.0,1802.0,1177.9685884421638,1295.7654472863803,1.284320123007702,Level 7,Level 7
/tmp/potato_inspection_system/data/test/1021/150-200 OK/Pic_2025_10_21_154623_151.jpeg,150-200 OK,150-200,150,200,OK,True,,,175.0,175.0,filename,3,"{'area': 531870.0, 'perimeter': 11264.904001951218, 'major_axis': 1173.036865234375, 'minor_axis': 786.617919921875, 'circularity': 0.052669642264025006, 'width': 1074, 'height': 1011, 'estimated_volume': 380.0475655701777, 'estimated_weight': 418.0523221271955, 'aspect_ratio': 1.4912409640386506, 'center': (1067.9439697265625, 1385.2222900390625), 'contour': array([[[1120,  909]],

       [[1120,  911]],

       [[1119,  912]],

       ...,

       [[1125,  913]],

       [[1124,  912]],

       [[1124,  909]]], dtype=int32)}",531870.0,11264.904001951218,1173.036865234375,786.617919921875,0.052669642264025006,1074.0,1011.0,380.0475655701777,418.0523221271955,1.4912409640386506,Level 7,Level 7
/tmp/potato_inspection_system/data/test/1021/150-200 OK/Pic_2025_10_21_154625_153.jpeg,150-200 OK,150-200,150,200,OK,True,,,175.0,175.0,filename,3,"{'area': 319390.0, 'perimeter': 6631.890600442886, 'major_axis': 1435.1123046875, 'minor_axis': 487.2947998046875, 'circularity': 0.09125495839712205, 'width': 1176, 'height': 550, 'estimated_volume': 178.43007746466154, 'estimated_weight': 196.2730852111277, 'aspect_ratio': 2.9450597569740267, 'center': (2562.224609375, 933.3395385742188), 'contour': array([[[2476,  647]],

       [[2476,  649]],

       [[2475,  650]],

       ...,

       [[2483,  649]],

       [[2482,  648]],

       [[2482,  647]]], dtype=int32)}",319390.0,6631.890600442886,1435.1123046875,487.2947998046875,0.09125495839712205,1176.0,550.0,178.43007746466154,196.2730852111277,2.9450597569740267,Level 7,Level 7
/tmp/potato_inspection_system/data/test/1021/150-200 OK/Pic_2025_10_21_154624_152.jpeg,150-200 OK,150-200,150,200,OK,True,,,175.0,175.0,filename,3,"{'area': 339781.0, 'perimeter': 9780.497807264328, 'major_axis': 940.8118896484375, 'minor_axis': 694.852783203125, 'circularity': 0.044636181423250806, 'width': 960, 'height': 776, 'estimated_volume': 237.84116438045686, 'estimated_weight': 261.6252808185026, 'aspect_ratio': 1.353972974406885, 'center': (1208.925048828125, 1077.5181884765625), 'contour': array([[[1192,  672]],

       [[1192,  679]],

       [[1191,  680]],

       ...,

       [[1194,  683]],

       [[1199,  683]],

       [[1199,  672]]], dtype=int32)}",339781.0,9780.497807264328,940.8118896484375,694.852783203125,0.044636181423250806,960.0,776.0,237.84116438045686,261.6252808185026,1.353972974406885,Level 7,Level 7
/tmp/potato_inspection_system/data/test/1021/150-200 OK/Pic_2025_10_21_154627_155.jpeg,150-200 OK,150-200,150,200,OK,True,,,175.0,175.0,filename,3,"{'area': 337044.0, 'perimeter': 7246.292620897293, 'major_axis': 1088.7059326171875, 'minor_axis': 537.4169311523438, 'circularity': 0.08066120928551537, 'width': 1320, 'height': 569, 'estimated_volume': 164.6386897080064, 'estimated_weight': 181.10255867880707, 'aspect_ratio': 2.0258124921422835, 'center': (2589.266357421875, 1209.039306640625), 'contour': array([[[2614,  914]],

       [[2614,  919]],

       [[2615,  919]],

       ...,

       [[2620,  920]],

       [[2620,  915]],

       [[2619,  914]]], dtype=int32)}",337044.0,7246.292620897293,1088.7059326171875,537.4169311523438,0.08066120928551537,1320.0,569.0,164.6386897080064,181.10255867880707,2.0258124921422835,Level 7,Level 7
/tmp/potato_inspection_system/data/test/1021/150-200 OK/Pic_2025_10_21_154629_157.jpeg,150-200 OK,150-200,150,200,OK,True,,,175.0,175.0,filename,3,"{'area': 387848.0, 'perimeter': 12909.21265900135, 'major_axis': 1225.1385498046875, 'minor_axis': 683.3988647460938, 'circularity': 0.02924636595431314, 'width': 1343, 'height': 848, 'estimated_volume': 299.59346353873974, 'estimated_weight': 329.55280989261377, 'aspect_ratio': 1.7927137620573437, 'center': (952.9896240234375, 1490.25732421875), 'contour': array([[[ 320, 1056]],

       [[ 320, 1079]],

       [[ 319, 1080]],

       ...,

       [[ 328, 1064]],

       [[ 327, 1063]],

       [[ 327, 1056]]], dtype=int32)}",387848.0,12909.21265900135,1225.1385498046875,683.3988647460938,0.02924636595431314,1343.0,848.0,299.59346353873974,329.55280989261377,1.7927137620573437,Level 7,Level 7
/tmp/potato_inspection_system/data/test/1021/150-200 OK/Pic_2025_10_21_154628_156.jpeg,150-200 OK,150-200,150,200,OK,True,,,175.0,175.0,filename,3,"{'area': 305971.5, 'perimeter': 4357.716939330101, 'major_axis': 847.0155029296875, 'minor_axis': 557.2730712890625, 'circularity': 0.20247565203153683, 'width': 831, 'height': 533, 'estimated_volume': 137.72922271732537, 'estimated_weight': 151.5021449890579, 'aspect_ratio': 1.5199290017197566, 'center': (2479.181396484375, 2210.258056640625), 'contour': array([[[2521, 1952]],

       [[2521, 1956]],

       [[2520, 1957]],

       ...,

       [[2526, 1955]],

       [[2525, 1954]],

       [[2525, 1952]]], dtype=int32)}",305971.5,4357.716939330101,847.0155029296875,557.2730712890625,0.20247565203153683,831.0,533.0,137.72922271732537,151.5021449890579,1.5199290017197566,Level 7,Level 7
/tmp/potato_inspection_system/data/test/1021/150-200 OK/Pic_2025_10_21_154626_154.jpeg,150-200 OK,150-200,150,200,OK,True,,,175.0,175.0,filename,3,"{'area': 432364.5, 'perimeter': 15293.999456524849, 'major_axis': 1586.1494140625, 'minor_axis': 670.6923217773438, 'circularity': 0.023228317384286972, 'width': 1768, 'height': 816, 'estimated_volume': 373.5849621942828, 'estimated_weight': 410.94345841371114, 'aspect_ratio': 2.3649434510584264, 'center': (1155.4569091796875, 825.7528076171875), 'contour': array([[[1254,  408]],

       [[1254,  415]],

       [[1255,  415]],

       ...,

       [[1262,  411]],

       [[1261,  410]],

       [[1261,  408]]], dtype=int32)}",432364.5,15293.999456524849,1586.1494140625,670.6923217773438,0.023228317384286972,1768.0,816.0,373.5849621942828,410.94345841371114,2.3649434510584264,Level 7,Level 7
/tmp/potato_inspection_system/data/test/1021/150-200 OK/Pic_2025_10_21_154630_158.jpeg,150-200 OK,150-200,150,200,OK,True,,,175.0,175.0,filename,3,"{'area': 279178.0, 'perimeter': 4828.302725791931, 'major_axis': 784.2243041992188, 'minor_axis': 506.9911193847656, 'circularity': 0.15048806992266767, 'width': 840, 'height': 511, 'estimated_volume': 105.54547632436197, 'estimated_weight': 116.10002395679818, 'aspect_ratio': 1.5468205935261272, 'center': (2588.580078125, 1982.1875), 'contour': array([[[2376, 1727]],

       [[2376, 1735]],

       [[2380, 1735]],

       ...,

       [[2385, 1731]],

       [[2383, 1729]],

       [[2383, 1727]]], dtype=int32)}",279178.0,4828.302725791931,784.2243041992188,506.9911193847656,0.15048806992266767,840.0,511.0,105.54547632436197,116.10002395679818,1.5468205935261272,Level 7,Level 7
/tmp/potato_inspection_system/data/test/1021/150-200 OK/Pic_2025_10_21_154631_159.jpeg,150-200 OK,150-200,150,200,OK,True,,,175.0,175.0,filename,3,"{'area': 149931.5, 'perimeter': 7098.108856201172, 'major_axis': 995.5935668945312, 'minor_axis': 292.6236572265625, 'circularity': 0.03739533595366863, 'width': 1136, 'height': 329, 'estimated_volume': 44.6374700410642, 'estimated_weight': 49.10121704517062, 'aspect_ratio': 3.402300334602467, 'center': (1014.035888671875, 490.71038818359375), 'contour': array([[[1024,  288]],

       [[1024,  295]],

       [[1023,  296]],

       ...,

       [[1024,  295]],

       [[1031,  295]],

       [[1031,  288]]], dtype=int32)}",149931.5,7098.108856201172,995.5935668945312,292.6236572265625,0.03739533595366863,1136.0,329.0,44.6374700410642,49.10121704517062,3.402300334602467,Level 7,Level 7
/tmp/potato_inspection_system/data/test/1021/150-200 OK/Pic_2025_10_21_154636_164.jpeg,150-200 OK,150-200,150,200,OK,True,,,175.0,175.0,filename,3,"{'area': 243937.0, 'perimeter': 4466.631592392921, 'major_axis': 787.4320068359375, 'minor_axis': 505.3037109375, 'circularity': 0.15364812886307874, 'width': 920, 'height': 552, 'estimated_volume': 105.27291806575172, 'estimated_weight': 115.8002098723269, 'aspect_ratio': 1.5583341063832665, 'center': (3152.897705078125, 296.76995849609375), 'contour': array([[[2981,    0]],

       [[2981,    7]],

       [[2980,    8]],

       ...,

       [[3403,    7]],

       [[3407,    7]],

       [[3407,    0]]], dtype=int32)}",243937.0,4466.631592392921,787.4320068359375,505.3037109375,0.15364812886307874,920.0,552.0,105.27291806575172,115.8002098723269,1.5583341063832665,Level 7,Level 7
/tmp/potato_inspection_system/data/test/1021/150-200 OK/Pic_2025_10_21_154637_165.jpeg,150-200 OK,150-200,150,200,OK,True,,,175.0,175.0,filename,3,"{'area': 293655.0, 'perimeter': 9143.527245521545, 'major_axis': 966.484130859375, 'minor_axis': 598.076904296875, 'circularity': 0.04413872026057044, 'width': 1017, 'height': 689, 'estimated_volume': 181.01201935869415, 'estimated_weight': 199.11322129456357, 'aspect_ratio': 1.6159863788681414, 'center': (1131.75537109375, 2118.02880859375), 'contour': array([[[1184, 1815]],

       [[1184, 1819]],

       [[1183, 1820]],

       ...,

       [[1199, 1816]],

       [[1194, 1816]],

       [[1193, 1815]]], dtype=int32)}",293655.0,9143.527245521545,966.484130859375,598.076904296875,0.04413872026057044,1017.0,689.0,181.01201935869415,199.11322129456357,1.6159863788681414,Level 7,Level 7
/tmp/potato_inspection_system/data/test/1021/200-250 OK/Pic_2025_10_21_154943_219.jpeg,200-250 OK,200-250,200,250,OK,True,,,225.0,225.0,filename,3,"{'area': 112047.5, 'perimeter': 2795.796024918556, 'major_axis': 553.42626953125, 'minor_axis': 289.7621154785156, 'circularity': 0.18013622982547517, 'width': 571, 'height': 291, 'estimated_volume': 24.32997146659794, 'estimated_weight': 26.762968613257737, 'aspect_ratio': 1.9099331484977502, 'center': (1248.736328125, 150.31063842773438), 'contour': array([[[1023,    0]],

       [[1023,    3]],

       [[1024,    4]],

       ...,

       [[1463,    8]],

       [[1462,    7]],

       [[1462,    0]]], dtype=int32)}",112047.5,2795.796024918556,553.42626953125,289.7621154785156,0.18013622982547517,571.0,291.0,24.32997146659794,26.762968613257737,1.9099331484977502,Level 7,Level 7
/tmp/potato_inspection_system/data/test/1021/200-250 OK/Pic_2025_10_21_154944_220.jpeg,200-250 OK,200-250,200,250,OK,True,,,225.0,225.0,filename,3,"{'area': 430479.5, 'perimeter': 9385.319094657898, 'major_axis': 1560.2401123046875, 'minor_axis': 512.806640625, 'circularity': 0.061413557117648294, 'width': 1595, 'height': 611, 'estimated_volume': 214.8311940353864, 'estimated_weight': 236.31431343892507, 'aspect_ratio': 3.042550522362763, 'center': (995.335693359375, 293.59405517578125), 'contour': array([[[1116,    0]],

       [[1116,    2]],

       [[1115,    3]],

       ...,

       [[1592,    7]],

       [[1607,    7]],

       [[1607,    0]]], dtype=int32)}",430479.5,9385.319094657898,1560.2401123046875,512.806640625,0.061413557117648294,1595.0,611.0,214.8311940353864,236.31431343892507,3.042550522362763,Level 7,Level 7
/tmp/potato_inspection_system/data/test/1021/200-250 OK/Pic_2025_10_21_154947_223.jpeg,200-250 OK,200-250,200,250,OK,True,,,225.0,225.0,filename,3,"{'area': 708600.0, 'perimeter': 9177.076454758644, 'major_axis': 1806.509521484375, 'minor_axis': 599.5658569335938, 'circularity': 0.10573099331650404, 'width': 1435, 'height': 654, 'estimated_volume': 340.02642085230605, 'estimated_weight': 374.0290629375367, 'aspect_ratio': 3.013029345472651, 'center': (986.465087890625, 1737.3360595703125), 'contour': array([[[1331, 1440]],

       [[1331, 1442]],

       [[1330, 1443]],

       ...,

       [[1336, 1443]],

       [[1335, 1442]],

       [[1335, 1440]]], dtype=int32)}",708600.0,9177.076454758644,1806.509521484375,599.5658569335938,0.10573099331650404,1435.0,654.0,340.02642085230605,374.0290629375367,3.013029345472651,Level 7,Level 7
/tmp/potato_inspection_system/data/test/1021/200-250 OK/Pic_2025_10_21_154946_222.jpeg,200-250 OK,200-250,200,250,OK,True,,,225.0,225.0,filename,3,"{'area': 762555.0, 'perimeter': 9767.100838780403, 'major_axis': 1879.475341796875, 'minor_axis': 605.7836303710938, 'circularity': 0.1004499428477007, 'width': 1838, 'height': 663, 'estimated_volume': 361.13561603077295, 'estimated_weight': 397.24917763385025, 'aspect_ratio': 3.102552211002363, 'center': (1008.7285766601562, 662.377197265625), 'contour': array([[[967, 328]],

       [[964, 331]],

       [[964, 335]],

       ...,

       [[976, 336]],

       [[975, 335]],

       [[975, 328]]], dtype=int32)}",762555.0,9767.100838780403,1879.475341796875,605.7836303710938,0.1004499428477007,1838.0,663.0,361.13561603077295,397.24917763385025,3.102552211002363,Level 7,Level 7
/tmp/potato_inspection_system/data/test/1021/200-250 OK/Pic_2025_10_21_154945_221.jpeg,200-250 OK,200-250,200,250,OK,True,,,225.0,225.0,filename,3,"{'area': 1482744.5, 'perimeter': 27233.388741016388, 'major_axis': 2113.392333984375, 'minor_axis': 1129.56884765625, 'circularity': 0.02512307616393999, 'width': 1500, 'height': 2275, 'estimated_volume': 1411.9007308075038, 'estimated_weight': 1553.0908038882544, 'aspect_ratio': 1.8709725736235263, 'center': (1070.3509521484375, 1151.2928466796875), 'contour': array([[[840,   0]],

       [[840,   2]],

       [[852,   2]],

       ...,

       [[934,   3]],

       [[933,   2]],

       [[933,   0]]], dtype=int32)}",1482744.5,27233.388741016388,2113.392333984375,1129.56884765625,0.02512307616393999,1500.0,2275.0,1411.9007308075038,1553.0908038882544,1.8709725736235263,Level 7,Level 7
/tmp/potato_inspection_system/data/test/1021/200-250 OK/Pic_2025_10_21_154948_224.jpeg,200-250 OK,200-250,200,250,OK,True,,,225.0,225.0,filename,3,"{'area': 752014.0, 'perimeter': 12378.893896341324, 'major_axis': 1326.8641357421875, 'minor_axis': 1010.2877197265625, 'circularity': 0.061669738782643944, 'width': 1200, 'height': 1189, 'estimated_volume': 709.1126387459643, 'estimated_weight': 780.0239026205608, 'aspect_ratio': 1.3133527309441189, 'center': (924.4755859375, 608.1060791015625), 'contour': array([[[1243,  107]],

       [[1243,  109]],

       [[1242,  110]],

       ...,

       [[1256,  112]],

       [[1255,  111]],

       [[1255,  107]]], dtype=int32)}",752014.0,12378.893896341324,1326.8641357421875,1010.2877197265625,0.061669738782643944,1200.0,1189.0,709.1126387459643,780.0239026205608,1.3133527309441189,Level 7,Level 7
/tmp/potato_inspection_system/data/test/1021/200-250 OK/Pic_2025_10_21_154951_227.jpeg,200-250 OK,200-250,200,250,OK,True,,,225.0,225.0,filename,3,"{'area': 796237.0, 'perimeter': 15924.471668601036, 'major_axis': 1300.4190673828125, 'minor_axis': 1021.8809814453125, 'circularity': 0.03945682664524157, 'width': 1224, 'height': 1193, 'estimated_volume': 711.0212555370699, 'estimated_weight': 782.123381090777, 'aspect_ratio': 1.2725739014572377, 'center': (1033.8702392578125, 1607.2574462890625), 'contour': array([[[1283,  958]],

       [[1283,  965]],

       [[1281,  967]],

       ...,

       [[1292,  964]],

       [[1287,  959]],

       [[1287,  958]]], dtype=int32)}",796237.0,15924.471668601036,1300.4190673828125,1021.8809814453125,0.03945682664524157,1224.0,1193.0,711.0212555370699,782.123381090777,1.2725739014572377,Level 7,Level 7
/tmp/potato_inspection_system/data/test/1021/200-250 OK/Pic_2025_10_21_154952_228.jpeg,200-250 OK,200-250,200,250,OK,True,,,225.0,225.0,filename,3,"{'area': 321397.5, 'perimeter': 5831.314918398857, 'major_axis': 943.2042236328125, 'minor_axis': 553.8464965820312, 'circularity': 0.1187734485602017, 'width': 952, 'height': 546, 'estimated_volume': 151.48972768550917, 'estimated_weight': 166.63870045406009, 'aspect_ratio': 1.7030065721344014, 'center': (2565.758056640625, 1084.300537109375), 'contour': array([[[2635,  813]],

       [[2634,  814]],

       [[2620,  814]],

       ...,

       [[2640,  815]],

       [[2639,  814]],

       [[2639,  813]]], dtype=int32)}",321397.5,5831.314918398857,943.2042236328125,553.8464965820312,0.1187734485602017,952.0,546.0,151.48972768550917,166.63870045406009,1.7030065721344014,Level 7,Level 7
/tmp/potato_inspection_system/data/test/1021/200-250 OK/Pic_2025_10_21_154950_226.jpeg,200-250 OK,200-250,200,250,OK,True,,,225.0,225.0,filename,3,"{'area': 1032547.0, 'perimeter': 14529.809759497643, 'major_axis': 1406.9176025390625, 'minor_axis': 1179.209716796875, 'circularity': 0.06146103041908575, 'width': 1432, 'height': 1256, 'estimated_volume': 1024.3523873399156, 'estimated_weight': 1126.7876260739072, 'aspect_ratio': 1.193102111099218, 'center': (952.0742797851562, 2043.7952880859375), 'contour': array([[[1430, 1512]],

       [[1430, 1514]],

       [[1429, 1515]],

       ...,

       [[1438, 1520]],

       [[1437, 1519]],

       [[1437, 1512]]], dtype=int32)}",1032547.0,14529.809759497643,1406.9176025390625,1179.209716796875,0.06146103041908575,1432.0,1256.0,1024.3523873399156,1126.7876260739072,1.193102111099218,Level 7,Level 7
/tmp/potato_inspection_system/data/test/1021/200-250 OK/Pic_2025_10_21_154949_225.jpeg,200-250 OK,200-250,200,250,OK,True,,,225.0,225.0,filename,0,{},,,,,,,,,,,Level 7,Level 7
/tmp/potato_inspection_system/data/test/1021/200-250 OK/Pic_2025_10_21_154954_230.jpeg,200-250 OK,200-250,200,250,OK,True,,,225.0,225.0,filename,3,"{'area': 113001.0, 'perimeter': 8043.263184428215, 'major_axis': 1733.0777587890625, 'minor_axis': 695.6884765625, 'circularity': 0.021949649605331845, 'width': 1295, 'height': 512, 'estimated_volume': 439.183778280191, 'estimated_weight': 483.1021561082101, 'aspect_ratio': 2.491169276444619, 'center': (1082.2489013671875, 778.4183959960938), 'contour': array([[[312, 728]],

       [[312, 751]],

       [[311, 752]],

       ...,

       [[328, 744]],

       [[327, 743]],

       [[327, 728]]], dtype=int32)}",113001.0,8043.263184428215,1733.0777587890625,695.6884765625,0.021949649605331845,1295.0,512.0,439.183778280191,483.1021561082101,2.491169276444619,Level 7,Level 7
/tmp/potato_inspection_system/data/test/1021/200-250 OK/Pic_2025_10_21_154953_229.jpeg,200-250 OK,200-250,200,250,OK,True,,,225.0,225.0,filename,3,"{'area': 322369.5, 'perimeter': 5651.422563791275, 'major_axis': 838.5305786132812, 'minor_axis': 584.384765625, 'circularity': 0.12683766757860157, 'width': 866, 'height': 597, 'estimated_volume': 149.93923765898165, 'estimated_weight': 164.93316142487984, 'aspect_ratio': 1.4348946583446132, 'center': (2527.137451171875, 2066.375), 'contour': array([[[2625, 1779]],

       [[2625, 1786]],

       [[2622, 1789]],

       ...,

       [[2631, 1780]],

       [[2630, 1780]],

       [[2629, 1779]]], dtype=int32)}",322369.5,5651.422563791275,838.5305786132812,584.384765625,0.12683766757860157,866.0,597.0,149.93923765898165,164.93316142487984,1.4348946583446132,Level 7,Level 7
/tmp/potato_inspection_system/data/test/1021/200-250 ng/Pic_2025_10_21_155113_244.jpeg,200-250 ng,200-250,200,250,ng,False,,,225.0,225.0,filename,3,"{'area': 426033.5, 'perimeter': 14147.112154603004, 'major_axis': 1748.536865234375, 'minor_axis': 565.6558227539062, 'circularity': 0.026749644891008246, 'width': 1503, 'height': 625, 'estimated_volume': 292.9395024243575, 'estimated_weight': 322.23345266679326, 'aspect_ratio': 3.0911674465253265, 'center': (2898.148193359375, 582.060302734375), 'contour': array([[[3157,  248]],

       [[3157,  253]],

       [[3158,  254]],

       ...,

       [[3164,  251]],

       [[3163,  250]],

       [[3163,  248]]], dtype=int32)}",426033.5,14147.112154603004,1748.536865234375,565.6558227539062,0.026749644891008246,1503.0,625.0,292.9395024243575,322.23345266679326,3.0911674465253265,Level 7,NG
/tmp/potato_inspection_system/data/test/1021/200-250 ng/Pic_2025_10_21_155114_245.jpeg,200-250 ng,200-250,200,250,ng,False,,,225.0,225.0,filename,3,"{'area': 455278.5, 'perimeter': 10976.671466708183, 'major_axis': 1425.9083251953125, 'minor_axis': 607.3663940429688, 'circularity': 0.04748382261727246, 'width': 1312, 'height': 647, 'estimated_volume': 275.41763449265994, 'estimated_weight': 302.95939794192594, 'aspect_ratio': 2.3476905195621263, 'center': (934.9711303710938, 440.630859375), 'contour': array([[[1200,  120]],

       [[1200,  136]],

       [[1199,  137]],

       ...,

       [[1209,  130]],

       [[1212,  127]],

       [[1212,  120]]], dtype=int32)}",455278.5,10976.671466708183,1425.9083251953125,607.3663940429688,0.04748382261727246,1312.0,647.0,275.41763449265994,302.95939794192594,2.3476905195621263,Level 7,NG
/tmp/potato_inspection_system/data/test/1021/200-250 ng/Pic_2025_10_21_155115_246.jpeg,200-250 ng,200-250,200,250,ng,False,,,225.0,225.0,filename,3,"{'area': 473321.5, 'perimeter': 9925.083593130112, 'major_axis': 1269.1461181640625, 'minor_axis': 593.10546875, 'circularity': 0.06038064524021721, 'width': 1365, 'height': 616, 'estimated_volume': 233.76210266267387, 'estimated_weight': 257.1383129289413, 'aspect_ratio': 2.139832095695986, 'center': (887.2926025390625, 1371.4129638671875), 'contour': array([[[1528, 1084]],

       [[1528, 1095]],

       [[1527, 1096]],

       ...,

       [[1544, 1089]],

       [[1543, 1088]],

       [[1543, 1084]]], dtype=int32)}",473321.5,9925.083593130112,1269.1461181640625,593.10546875,0.06038064524021721,1365.0,616.0,233.76210266267387,257.1383129289413,2.139832095695986,Level 7,NG
/tmp/potato_inspection_system/data/test/1021/200-250 ng/Pic_2025_10_21_155111_242.jpeg,200-250 ng,200-250,200,250,ng,False,,,225.0,225.0,filename,3,"{'area': 402860.5, 'perimeter': 14651.812726020813, 'major_axis': 1259.3271484375, 'minor_axis': 651.859619140625, 'circularity': 0.02358206506858696, 'width': 1222, 'height': 785, 'estimated_volume': 280.18529948121676, 'estimated_weight': 308.20382942933844, 'aspect_ratio': 1.9318993100043933, 'center': (978.8880615234375, 854.40380859375), 'contour': array([[[903, 464]],

       [[902, 465]],

       [[901, 465]],

       ...,

       [[915, 465]],

       [[912, 465]],

       [[911, 464]]], dtype=int32)}",402860.5,14651.812726020813,1259.3271484375,651.859619140625,0.02358206506858696,1222.0,785.0,280.18529948121676,308.20382942933844,1.9318993100043933,Level 7,NG
/tmp/potato_inspection_system/data/test/1021/200-250 ng/Pic_2025_10_21_155116_247.jpeg,200-250 ng,200-250,200,250,ng,False,,,225.0,225.0,filename,3,"{'area': 428092.0, 'perimeter': 11580.286692619324, 'major_axis': 1465.550537109375, 'minor_axis': 537.0379028320312, 'circularity': 0.04011514380080751, 'width': 1315, 'height': 606, 'estimated_volume': 221.31420899019778, 'estimated_weight': 243.44562988921757, 'aspect_ratio': 2.728951773014341, 'center': (803.4510498046875, 1259.2130126953125), 'contour': array([[[1490,  962]],

       [[1489,  963]],

       [[1488,  963]],

       ...,

       [[1504,  976]],

       [[1503,  975]],

       [[1503,  962]]], dtype=int32)}",428092.0,11580.286692619324,1465.550537109375,537.0379028320312,0.04011514380080751,1315.0,606.0,221.31420899019778,243.44562988921757,2.728951773014341,Level 7,NG
/tmp/potato_inspection_system/data/test/1021/200-250 ng/Pic_2025_10_21_155117_248.jpeg,200-250 ng,200-250,200,250,ng,False,,,225.0,225.0,filename,3,"{'area': 421672.5, 'perimeter': 10672.931353926659, 'major_axis': 1238.5296630859375, 'minor_axis': 603.2744750976562, 'circularity': 0.04651764397924941, 'width': 1245, 'height': 720, 'estimated_volume': 236.0124622105483, 'estimated_weight': 259.6137084316032, 'aspect_ratio': 2.05301187802691, 'center': (816.9929809570312, 1154.7742919921875), 'contour': array([[[1171,  840]],

       [[1171,  846]],

       [[1170,  847]],

       ...,

       [[1176,  848]],

       [[1175,  847]],

       [[1175,  840]]], dtype=int32)}",421672.5,10672.931353926659,1238.5296630859375,603.2744750976562,0.04651764397924941,1245.0,720.0,236.0124622105483,259.6137084316032,2.05301187802691,Level 7,NG
/tmp/potato_inspection_system/data/test/1021/200-250 ng/Pic_2025_10_21_155112_243.jpeg,200-250 ng,200-250,200,250,ng,False,,,225.0,225.0,filename,3,"{'area': 335004.0, 'perimeter': 10902.581067919731, 'major_axis': 1290.2362060546875, 'minor_axis': 659.867431640625, 'circularity': 0.03541613850306287, 'width': 1330, 'height': 938, 'estimated_volume': 294.15838657093644, 'estimated_weight': 323.5742252280301, 'aspect_ratio': 1.955296085528543, 'center': (880.7656860351562, 1718.553955078125), 'contour': array([[[ 320, 1176]],

       [[ 320, 1199]],

       [[ 321, 1199]],

       ...,

       [[ 331, 1184]],

       [[ 332, 1183]],

       [[ 332, 1176]]], dtype=int32)}",335004.0,10902.581067919731,1290.2362060546875,659.867431640625,0.03541613850306287,1330.0,938.0,294.15838657093644,323.5742252280301,1.955296085528543,Level 7,NG
/tmp/potato_inspection_system/data/test/1021/200-250 ng/Pic_2025_10_21_155118_249.jpeg,200-250 ng,200-250,200,250,ng,False,,,225.0,225.0,filename,3,"{'area': 548048.0, 'perimeter': 16088.942669510841, 'major_axis': 1757.9017333984375, 'minor_axis': 741.09765625, 'circularity': 0.026605624230272528, 'width': 1380, 'height': 1054, 'estimated_volume': 505.5266976315996, 'estimated_weight': 556.0793673947596, 'aspect_ratio': 2.3720244134808484, 'center': (907.1134643554688, 1080.864501953125), 'contour': array([[[322, 454]],

       [[322, 463]],

       [[321, 464]],

       ...,

       [[328, 472]],

       [[327, 471]],

       [[327, 454]]], dtype=int32)}",548048.0,16088.942669510841,1757.9017333984375,741.09765625,0.026605624230272528,1380.0,1054.0,505.5266976315996,556.0793673947596,2.3720244134808484,Level 7,NG
/tmp/potato_inspection_system/data/test/1021/200-250 ng/Pic_2025_10_21_155119_250.jpeg,200-250 ng,200-250,200,250,ng,False,,,225.0,225.0,filename,3,"{'area': 383605.5, 'perimeter': 7181.637854456902, 'major_axis': 1571.4285888671875, 'minor_axis': 487.7806701660156, 'circularity': 0.0934647151287191, 'width': 1456, 'height': 575, 'estimated_volume': 195.76833372494568, 'estimated_weight': 215.34516709744025, 'aspect_ratio': 3.221588482242139, 'center': (2964.49755859375, 1501.0906982421875), 'contour': array([[[3186, 1257]],

       [[3185, 1258]],

       [[3184, 1258]],

       ...,

       [[3198, 1260]],

       [[3196, 1258]],

       [[3196, 1257]]], dtype=int32)}",383605.5,7181.637854456902,1571.4285888671875,487.7806701660156,0.0934647151287191,1456.0,575.0,195.76833372494568,215.34516709744025,3.221588482242139,Level 7,NG
/tmp/potato_inspection_system/data/test/1021/200-250 ng/Pic_2025_10_21_155120_251.jpeg,200-250 ng,200-250,200,250,ng,False,,,225.0,225.0,filename,3,"{'area': 427573.0, 'perimeter': 8724.73330771923, 'major_axis': 1436.290283203125, 'minor_axis': 577.6549072265625, 'circularity': 0.07058555207033981, 'width': 1343, 'height': 683, 'estimated_volume': 250.94455617800136, 'estimated_weight': 276.0390117958015, 'aspect_ratio': 2.4864157912187466, 'center': (1122.26220703125, 1317.3089599609375), 'contour': array([[[1168,  981]],

       [[1168,  983]],

       [[1167,  984]],

       ...,

       [[1176,  987]],

       [[1175,  986]],

       [[1175,  981]]], dtype=int32)}",427573.0,8724.73330771923,1436.290283203125,577.6549072265625,0.07058555207033981,1343.0,683.0,250.94455617800136,276.0390117958015,2.4864157912187466,Level 7,NG
/tmp/potato_inspection_system/data/test/1021/200-250 ng/Pic_2025_10_21_155122_253.jpeg,200-250 ng,200-250,200,250,ng,False,,,225.0,225.0,filename,3,"{'area': 266423.0, 'perimeter': 3906.028561115265, 'major_axis': 711.4449462890625, 'minor_axis': 544.6494750976562, 'circularity': 0.21943745067790968, 'width': 615, 'height': 552, 'estimated_volume': 110.50300794386455, 'estimated_weight': 121.553308738251, 'aspect_ratio': 1.3062437013484676, 'center': (1281.134765625, 1693.1083984375), 'contour': array([[[ 957, 1432]],

       [[ 957, 1441]],

       [[ 956, 1442]],

       ...,

       [[ 963, 1446]],

       [[ 962, 1445]],

       [[ 962, 1432]]], dtype=int32)}",266423.0,3906.028561115265,711.4449462890625,544.6494750976562,0.21943745067790968,615.0,552.0,110.50300794386455,121.553308738251,1.3062437013484676,Level 7,NG
/tmp/potato_inspection_system/data/test/1021/200-250 ng/Pic_2025_10_21_155121_252.jpeg,200-250 ng,200-250,200,250,ng,False,,,225.0,225.0,filename,3,"{'area': 474138.5, 'perimeter': 13797.999457597733, 'major_axis': 1471.5169677734375, 'minor_axis': 676.2197875976562, 'circularity': 0.031295568011680965, 'width': 1272, 'height': 769, 'estimated_volume': 352.32190578535443, 'estimated_weight': 387.5540963638899, 'aspect_ratio': 2.176092736063167, 'center': (989.116455078125, 742.5955200195312), 'contour': array([[[1144,  367]],

       [[1144,  377]],

       [[1143,  378]],

       ...,

       [[1149,  371]],

       [[1151,  371]],

       [[1151,  367]]], dtype=int32)}",474138.5,13797.999457597733,1471.5169677734375,676.2197875976562,0.031295568011680965,1272.0,769.0,352.32190578535443,387.5540963638899,2.176092736063167,Level 7,NG
/tmp/potato_inspection_system/data/test/1021/200-250 ng/Pic_2025_10_21_155123_254.jpeg,200-250 ng,200-250,200,250,ng,False,,,225.0,225.0,filename,3,"{'area': 273763.0, 'perimeter': 7646.105890989304, 'major_axis': 1256.04248046875, 'minor_axis': 445.545654296875, 'circularity': 0.05884424552184884, 'width': 1138, 'height': 538, 'estimated_volume': 130.55315580758167, 'estimated_weight': 143.60847138833986, 'aspect_ratio': 2.8191106082067776, 'center': (709.644287109375, 407.92218017578125), 'contour': array([[[1048,  152]],

       [[1048,  156]],

       [[1047,  157]],

       ...,

       [[1056,  168]],

       [[1055,  167]],

       [[1055,  152]]], dtype=int32)}",273763.0,7646.105890989304,1256.04248046875,445.545654296875,0.05884424552184884,1138.0,538.0,130.55315580758167,143.60847138833986,2.8191106082067776,Level 7,NG
/tmp/potato_inspection_system/data/test/1021/200-250 ng/Pic_2025_10_21_155124_255.jpeg,200-250 ng,200-250,200,250,ng,False,,,225.0,225.0,filename,3,"{'area': 355511.0, 'perimeter': 5845.523069620132, 'major_axis': 829.9632568359375, 'minor_axis': 609.3994140625, 'circularity': 0.13074230860754646, 'width': 880, 'height': 662, 'estimated_volume': 161.38440045353641, 'estimated_weight': 177.52284049889008, 'aspect_ratio': 1.3619364208164737, 'center': (574.3564453125, 1429.901123046875), 'contour': array([[[ 936, 1096]],

       [[ 936, 1109]],

       [[ 935, 1110]],

       ...,

       [[ 949, 1102]],

       [[ 948, 1101]],

       [[ 948, 1096]]], dtype=int32)}",355511.0,5845.523069620132,829.9632568359375,609.3994140625,0.13074230860754646,880.0,662.0,161.38440045353641,177.52284049889008,1.3619364208164737,Level 7,NG
/tmp/potato_inspection_system/data/test/1021/200-250 ng/Pic_2025_10_21_155125_256.jpeg,200-250 ng,200-250,200,250,ng,False,,,225.0,225.0,filename,3,"{'area': 234607.5, 'perimeter': 3341.4427748918533, 'major_axis': 720.8316040039062, 'minor_axis': 447.0541076660156, 'circularity': 0.26404849712120676, 'width': 712, 'height': 505, 'estimated_volume': 75.43147866111754, 'estimated_weight': 82.9746265272293, 'aspect_ratio': 1.612403491307195, 'center': (518.3616943359375, 2505.13671875), 'contour': array([[[ 576, 2235]],

       [[ 576, 2239]],

       [[ 575, 2240]],

       ...,

       [[ 607, 2236]],

       [[ 584, 2236]],

       [[ 583, 2235]]], dtype=int32)}",234607.5,3341.4427748918533,720.8316040039062,447.0541076660156,0.26404849712120676,712.0,505.0,75.43147866111754,82.9746265272293,1.612403491307195,Level 7,NG
/tmp/potato_inspection_system/data/test/1021/100-150 OK/Pic_2025_10_21_153839_10.jpeg,100-150 OK,100-150,100,150,OK,True,,,125.0,125.0,filename,3,"{'area': 659597.0, 'perimeter': 20129.18652021885, 'major_axis': 1264.83544921875, 'minor_axis': 1096.3629150390625, 'circularity': 0.02045672408167965, 'width': 1328, 'height': 1220, 'estimated_volume': 796.0517933933335, 'estimated_weight': 875.6569727326669, 'aspect_ratio': 1.1536649332704627, 'center': (976.32421875, 1725.4827880859375), 'contour': array([[[ 464, 1168]],

       [[ 464, 1175]],

       [[ 463, 1176]],

       ...,

       [[ 487, 1178]],

       [[ 487, 1169]],

       [[ 486, 1168]]], dtype=int32)}",659597.0,20129.18652021885,1264.83544921875,1096.3629150390625,0.02045672408167965,1328.0,1220.0,796.0517933933335,875.6569727326669,1.1536649332704627,NG,NG
/tmp/potato_inspection_system/data/test/1021/100-150 OK/Pic_2025_10_21_153840_11.jpeg,100-150 OK,100-150,100,150,OK,True,,,125.0,125.0,filename,3,"{'area': 418660.0, 'perimeter': 7523.3708283901215, 'major_axis': 1409.556396484375, 'minor_axis': 533.1799926757812, 'circularity': 0.09294935822885723, 'width': 1450, 'height': 574, 'estimated_volume': 209.81124833357774, 'estimated_weight': 230.79237316693553, 'aspect_ratio': 2.6436783372355555, 'center': (764.3250122070312, 1182.1214599609375), 'contour': array([[[1267,  931]],

       [[1265,  933]],

       [[1263,  933]],

       ...,

       [[1272,  944]],

       [[1271,  943]],

       [[1271,  931]]], dtype=int32)}",418660.0,7523.3708283901215,1409.556396484375,533.1799926757812,0.09294935822885723,1450.0,574.0,209.81124833357774,230.79237316693553,2.6436783372355555,NG,NG
/tmp/potato_inspection_system/data/test/1021/100-150 OK/Pic_2025_10_21_153841_12.jpeg,100-150 OK,100-150,100,150,OK,True,,,125.0,125.0,filename,3,"{'area': 516155.5, 'perimeter': 15430.41575729847, 'major_axis': 1421.59228515625, 'minor_axis': 727.9175415039062, 'circularity': 0.0272417603291281, 'width': 1380, 'height': 842, 'estimated_volume': 394.40103929015834, 'estimated_weight': 433.8411432191742, 'aspect_ratio': 1.952957861434668, 'center': (884.7442016601562, 633.7100219726562), 'contour': array([[[1269,  229]],

       [[1268,  230]],

       [[1268,  231]],

       ...,

       [[1277,  230]],

       [[1276,  230]],

       [[1275,  229]]], dtype=int32)}",516155.5,15430.41575729847,1421.59228515625,727.9175415039062,0.0272417603291281,1380.0,842.0,394.40103929015834,433.8411432191742,1.952957861434668,NG,NG
/tmp/potato_inspection_system/data/test/1021/100-150 OK/Pic_2025_10_21_153843_14.jpeg,100-150 OK,100-150,100,150,OK,True,,,125.0,125.0,filename,3,"{'area': 353500.0, 'perimeter': 12039.492755532265, 'major_axis': 1161.8507080078125, 'minor_axis': 618.8515625, 'circularity': 0.030646642532056543, 'width': 1200, 'height': 674, 'estimated_volume': 232.98176599956872, 'estimated_weight': 256.2799425995256, 'aspect_ratio': 1.87743035391918, 'center': (1085.0430908203125, 1623.720703125), 'contour': array([[[1289, 1270]],

       [[1289, 1271]],

       [[1288, 1272]],

       ...,

       [[1294, 1276]],

       [[1293, 1275]],

       [[1293, 1270]]], dtype=int32)}",353500.0,12039.492755532265,1161.8507080078125,618.8515625,0.030646642532056543,1200.0,674.0,232.98176599956872,256.2799425995256,1.87743035391918,NG,NG
/tmp/potato_inspection_system/data/test/1021/100-150 OK/Pic_2025_10_21_153842_13.jpeg,100-150 OK,100-150,100,150,OK,True,,,125.0,125.0,filename,3,"{'area': 384437.5, 'perimeter': 13618.009561657906, 'major_axis': 1305.062255859375, 'minor_axis': 672.322021484375, 'circularity': 0.02605003666148996, 'width': 1291, 'height': 849, 'estimated_volume': 308.8762563114032, 'estimated_weight': 339.76388194254355, 'aspect_ratio': 1.9411267430717427, 'center': (958.0654907226562, 496.4220275878906), 'contour': array([[[1369,   72]],

       [[1368,   73]],

       [[1368,   79]],

       ...,

       [[1376,  104]],

       [[1375,  103]],

       [[1375,   72]]], dtype=int32)}",384437.5,13618.009561657906,1305.062255859375,672.322021484375,0.02605003666148996,1291.0,849.0,308.8762563114032,339.76388194254355,1.9411267430717427,NG,NG
/tmp/potato_inspection_system/data/test/1021/100-150 OK/Pic_2025_10_21_153845_16.jpeg,100-150 OK,100-150,100,150,OK,True,,,125.0,125.0,filename,3,"{'area': 316001.5, 'perimeter': 7532.182010412216, 'major_axis': 1018.6333618164062, 'minor_axis': 560.389404296875, 'circularity': 0.06999344931612576, 'width': 1035, 'height': 633, 'estimated_volume': 167.4928793420656, 'estimated_weight': 184.24216727627217, 'aspect_ratio': 1.8177241646716957, 'center': (1084.600341796875, 728.19873046875), 'contour': array([[[1081,  461]],

       [[1081,  463]],

       [[1080,  464]],

       ...,

       [[1086,  474]],

       [[1085,  473]],

       [[1085,  461]]], dtype=int32)}",316001.5,7532.182010412216,1018.6333618164062,560.389404296875,0.06999344931612576,1035.0,633.0,167.4928793420656,184.24216727627217,1.8177241646716957,NG,NG
/tmp/potato_inspection_system/data/test/1021/100-150 OK/Pic_2025_10_21_153844_15.jpeg,100-150 OK,100-150,100,150,OK,True,,,125.0,125.0,filename,3,"{'area': 182801.0, 'perimeter': 3700.337216615677, 'major_axis': 564.7180786132812, 'minor_axis': 468.6179504394531, 'circularity': 0.1677667238874479, 'width': 534, 'height': 579, 'estimated_volume': 64.93340155008697, 'estimated_weight': 71.42674170509568, 'aspect_ratio': 1.2050713765524963, 'center': (1230.7274169921875, 2513.987060546875), 'contour': array([[[1186, 2215]],

       [[1185, 2216]],

       [[1185, 2217]],

       ...,

       [[1190, 2220]],

       [[1191, 2219]],

       [[1191, 2215]]], dtype=int32)}",182801.0,3700.337216615677,564.7180786132812,468.6179504394531,0.1677667238874479,534.0,579.0,64.93340155008697,71.42674170509568,1.2050713765524963,NG,NG
/tmp/potato_inspection_system/data/test/1021/100-150 OK/Pic_2025_10_21_153846_17.jpeg,100-150 OK,100-150,100,150,OK,True,,,125.0,125.0,filename,3,"{'area': 225200.0, 'perimeter': 3545.9453003406525, 'major_axis': 678.15234375, 'minor_axis': 456.1543884277344, 'circularity': 0.22506822526476744, 'width': 687, 'height': 447, 'estimated_volume': 73.88386465111408, 'estimated_weight': 81.27225111622549, 'aspect_ratio': 1.4866728479527394, 'center': (1204.5863037109375, 1680.41162109375), 'contour': array([[[1109, 1457]],

       [[1109, 1458]],

       [[1107, 1460]],

       ...,

       [[1120, 1462]],

       [[1121, 1462]],

       [[1121, 1457]]], dtype=int32)}",225200.0,3545.9453003406525,678.15234375,456.1543884277344,0.22506822526476744,687.0,447.0,73.88386465111408,81.27225111622549,1.4866728479527394,NG,NG
/tmp/potato_inspection_system/data/test/1021/100-150 OK/Pic_2025_10_21_153847_18.jpeg,100-150 OK,100-150,100,150,OK,True,,,125.0,125.0,filename,3,"{'area': 251057.5, 'perimeter': 3504.3544615507126, 'major_axis': 639.58544921875, 'minor_axis': 515.6093139648438, 'circularity': 0.2569017174496509, 'width': 656, 'height': 558, 'estimated_volume': 89.03047795060732, 'estimated_weight': 97.93352574566806, 'aspect_ratio': 1.2404458800415685, 'center': (1221.962158203125, 2653.96484375), 'contour': array([[[1134, 2368]],

       [[1134, 2375]],

       [[1133, 2376]],

       ...,

       [[1141, 2377]],

       [[1147, 2377]],

       [[1147, 2368]]], dtype=int32)}",251057.5,3504.3544615507126,639.58544921875,515.6093139648438,0.2569017174496509,656.0,558.0,89.03047795060732,97.93352574566806,1.2404458800415685,NG,NG
/tmp/potato_inspection_system/data/test/1021/100-150 OK/Pic_2025_10_21_153849_20.jpeg,100-150 OK,100-150,100,150,OK,True,,,125.0,125.0,filename,3,"{'area': 198710.5, 'perimeter': 5038.888511538506, 'major_axis': 1507.8365478515625, 'minor_axis': 445.2553405761719, 'circularity': 0.09834701464127413, 'width': 1160, 'height': 456, 'estimated_volume': 156.52047696372534, 'estimated_weight': 172.17252466009788, 'aspect_ratio': 3.3864535928988144, 'center': (2470.80322265625, 246.09661865234375), 'contour': array([[[2632,    0]],

       [[2632,    4]],

       [[2634,    4]],

       ...,

       [[2640,    5]],

       [[2639,    4]],

       [[2639,    0]]], dtype=int32)}",198710.5,5038.888511538506,1507.8365478515625,445.2553405761719,0.09834701464127413,1160.0,456.0,156.52047696372534,172.17252466009788,3.3864535928988144,NG,NG
/tmp/potato_inspection_system/data/test/1021/100-150 OK/Pic_2025_10_21_153850_21.jpeg,100-150 OK,100-150,100,150,OK,True,,,125.0,125.0,filename,3,"{'area': 327025.0, 'perimeter': 9335.076453566551, 'major_axis': 1255.36572265625, 'minor_axis': 504.3027038574219, 'circularity': 0.0471579654658465, 'width': 1251, 'height': 527, 'estimated_volume': 167.1673592159471, 'estimated_weight': 183.88409513754183, 'aspect_ratio': 2.489309918534903, 'center': (2653.8408203125, 1197.3487548828125), 'contour': array([[[2640,  949]],

       [[2638,  951]],

       [[2632,  951]],

       ...,

       [[2655,  950]],

       [[2648,  950]],

       [[2647,  949]]], dtype=int32)}",327025.0,9335.076453566551,1255.36572265625,504.3027038574219,0.0471579654658465,1251.0,527.0,167.1673592159471,183.88409513754183,2.489309918534903,NG,NG
/tmp/potato_inspection_system/data/test/1021/100-150 OK/Pic_2025_10_21_153851_22.jpeg,100-150 OK,100-150,100,150,OK,True,,,125.0,125.0,filename,3,"{'area': 187904.5, 'perimeter': 2424.825462460518, 'major_axis': 615.9407958984375, 'minor_axis': 416.83905029296875, 'circularity': 0.4015929473720544, 'width': 596, 'height': 431, 'estimated_volume': 56.036936886515875, 'estimated_weight': 61.64063057516747, 'aspect_ratio': 1.4776465771753708, 'center': (2755.894287109375, 2215.135009765625), 'contour': array([[[2728, 1999]],

       [[2728, 2002]],

       [[2727, 2003]],

       ...,

       [[2743, 2000]],

       [[2734, 2000]],

       [[2733, 1999]]], dtype=int32)}",187904.5,2424.825462460518,615.9407958984375,416.83905029296875,0.4015929473720544,596.0,431.0,56.036936886515875,61.64063057516747,1.4776465771753708,NG,NG
/tmp/potato_inspection_system/data/test/1021/250-300 OK/Pic_2025_10_21_155238_308.jpeg,250-300 OK,250-300,250,300,OK,True,,,275.0,275.0,filename,3,"{'area': 177879.0, 'perimeter': 2060.9503523111343, 'major_axis': 610.0140380859375, 'minor_axis': 526.08740234375, 'circularity': 0.5262589362469928, 'width': 662, 'height': 387, 'estimated_volume': 88.40040534523719, 'estimated_weight': 97.24044587976091, 'aspect_ratio': 1.1595298335757318, 'center': (1211.75537109375, 101.5618896484375), 'contour': array([[[ 896,    0]],

       [[ 896,   15]],

       [[ 898,   15]],

       ...,

       [[1379,    4]],

       [[1378,    3]],

       [[1378,    0]]], dtype=int32)}",177879.0,2060.9503523111343,610.0140380859375,526.08740234375,0.5262589362469928,662.0,387.0,88.40040534523719,97.24044587976091,1.1595298335757318,Level 6,Level 6
/tmp/potato_inspection_system/data/test/1021/250-300 OK/Pic_2025_10_21_155239_309.jpeg,250-300 OK,250-300,250,300,OK,True,,,275.0,275.0,filename,3,"{'area': 760096.5, 'perimeter': 12196.259342432022, 'major_axis': 1250.4847412109375, 'minor_axis': 964.3243408203125, 'circularity': 0.06421334524647822, 'width': 1398, 'height': 1149, 'estimated_volume': 608.8681787721141, 'estimated_weight': 669.7549966493256, 'aspect_ratio': 1.2967470468983493, 'center': (877.3153076171875, 798.531005859375), 'contour': array([[[1107,  243]],

       [[1107,  245]],

       [[1106,  246]],

       ...,

       [[1120,  244]],

       [[1112,  244]],

       [[1111,  243]]], dtype=int32)}",760096.5,12196.259342432022,1250.4847412109375,964.3243408203125,0.06421334524647822,1398.0,1149.0,608.8681787721141,669.7549966493256,1.2967470468983493,Level 6,Level 6
/tmp/potato_inspection_system/data/test/1021/250-300 OK/Pic_2025_10_21_155240_310.jpeg,250-300 OK,250-300,250,300,OK,True,,,275.0,275.0,filename,3,"{'area': 835470.0, 'perimeter': 14719.025928258896, 'major_axis': 1393.5673828125, 'minor_axis': 1138.8193359375, 'circularity': 0.048459907771528046, 'width': 1336, 'height': 1304, 'estimated_volume': 946.316167621095, 'estimated_weight': 1040.9477843832046, 'aspect_ratio': 1.2236948731339252, 'center': (834.489013671875, 1721.5172119140625), 'contour': array([[[ 320, 1160]],

       [[ 320, 1167]],

       [[ 319, 1168]],

       ...,

       [[ 332, 1176]],

       [[ 331, 1175]],

       [[ 331, 1160]]], dtype=int32)}",835470.0,14719.025928258896,1393.5673828125,1138.8193359375,0.048459907771528046,1336.0,1304.0,946.316167621095,1040.9477843832046,1.2236948731339252,Level 6,Level 6
/tmp/potato_inspection_system/data/test/1021/250-300 OK/Pic_2025_10_21_155241_311.jpeg,250-300 OK,250-300,250,300,OK,True,,,275.0,275.0,filename,3,"{'area': 360521.0, 'perimeter': 3867.862039923668, 'major_axis': 811.945068359375, 'minor_axis': 616.3484497070312, 'circularity': 0.3028297100780485, 'width': 728, 'height': 651, 'estimated_volume': 161.50199316329517, 'estimated_weight': 177.6521924796247, 'aspect_ratio': 1.3173474659428714, 'center': (414.75421142578125, 291.0276794433594), 'contour': array([[[257,   0]],

       [[257,   2]],

       [[256,   3]],

       ...,

       [[700,   3]],

       [[699,   2]],

       [[699,   0]]], dtype=int32)}",360521.0,3867.862039923668,811.945068359375,616.3484497070312,0.3028297100780485,728.0,651.0,161.50199316329517,177.6521924796247,1.3173474659428714,Level 6,Level 6
/tmp/potato_inspection_system/data/test/1021/250-300 OK/Pic_2025_10_21_155242_312.jpeg,250-300 OK,250-300,250,300,OK,True,,,275.0,275.0,filename,3,"{'area': 498478.5, 'perimeter': 9694.941458940506, 'major_axis': 1298.6893310546875, 'minor_axis': 875.662353515625, 'circularity': 0.06664474542929799, 'width': 1506, 'height': 946, 'estimated_volume': 521.4074748591682, 'estimated_weight': 573.5482223450852, 'aspect_ratio': 1.4830937128228547, 'center': (714.1788330078125, 1118.5784912109375), 'contour': array([[[360, 644]],

       [[360, 647]],

       [[359, 648]],

       ...,

       [[367, 647]],

       [[366, 646]],

       [[366, 644]]], dtype=int32)}",498478.5,9694.941458940506,1298.6893310546875,875.662353515625,0.06664474542929799,1506.0,946.0,521.4074748591682,573.5482223450852,1.4830937128228547,Level 6,Level 6
/tmp/potato_inspection_system/data/test/1021/250-300 OK/Pic_2025_10_21_155243_313.jpeg,250-300 OK,250-300,250,300,OK,True,,,275.0,275.0,filename,3,"{'area': 1593606.5, 'perimeter': 18977.758024334908, 'major_axis': 1648.7030029296875, 'minor_axis': 1276.7020263671875, 'circularity': 0.0556033741916708, 'width': 1976, 'height': 1485, 'estimated_volume': 1407.0843951414395, 'estimated_weight': 1547.7928346555836, 'aspect_ratio': 1.2913765067178724, 'center': (915.43017578125, 713.7071533203125), 'contour': array([[[133,   0]],

       [[133,   7]],

       [[132,   8]],

       ...,

       [[840,   8]],

       [[839,   7]],

       [[839,   0]]], dtype=int32)}",1593606.5,18977.758024334908,1648.7030029296875,1276.7020263671875,0.0556033741916708,1976.0,1485.0,1407.0843951414395,1547.7928346555836,1.2913765067178724,Level 6,Level 6
/tmp/potato_inspection_system/data/test/1021/250-300 OK/Pic_2025_10_21_155244_314.jpeg,250-300 OK,250-300,250,300,OK,True,,,275.0,275.0,filename,3,"{'area': 1817970.0, 'perimeter': 21871.253742694855, 'major_axis': 1794.7000732421875, 'minor_axis': 1434.7603759765625, 'circularity': 0.04775833944398544, 'width': 1516, 'height': 1830, 'estimated_volume': 1934.413218531351, 'estimated_weight': 2127.8545403844864, 'aspect_ratio': 1.2508709491092782, 'center': (914.4859008789062, 1535.451904296875), 'contour': array([[[1549,  712]],

       [[1549,  714]],

       [[1547,  716]],

       ...,

       [[1554,  720]],

       [[1553,  719]],

       [[1553,  712]]], dtype=int32)}",1817970.0,21871.253742694855,1794.7000732421875,1434.7603759765625,0.04775833944398544,1516.0,1830.0,1934.413218531351,2127.8545403844864,1.2508709491092782,Level 6,Level 6
/tmp/potato_inspection_system/data/test/1021/250-300 OK/Pic_2025_10_21_155245_315.jpeg,250-300 OK,250-300,250,300,OK,True,,,275.0,275.0,filename,3,"{'area': 1394352.0, 'perimeter': 11896.217712163925, 'major_axis': 1521.7584228515625, 'minor_axis': 1232.89404296875, 'circularity': 0.12381249655208197, 'width': 1496, 'height': 1231, 'estimated_volume': 1211.144175370174, 'estimated_weight': 1332.2585929071915, 'aspect_ratio': 1.2342978145852996, 'center': (848.7017822265625, 2348.36083984375), 'contour': array([[[ 568, 1731]],

       [[ 567, 1732]],

       [[ 558, 1732]],

       ...,

       [[ 574, 1735]],

       [[ 575, 1735]],

       [[ 575, 1731]]], dtype=int32)}",1394352.0,11896.217712163925,1521.7584228515625,1232.89404296875,0.12381249655208197,1496.0,1231.0,1211.144175370174,1332.2585929071915,1.2342978145852996,Level 6,Level 6
/tmp/potato_inspection_system/data/test/1021/250-300 OK/Pic_2025_10_21_155246_316.jpeg,250-300 OK,250-300,250,300,OK,True,,,275.0,275.0,filename,3,"{'area': 87864.0, 'perimeter': 7269.096664190292, 'major_axis': 1095.7476806640625, 'minor_axis': 182.660888671875, 'circularity': 0.020895845396296783, 'width': 1216, 'height': 216, 'estimated_volume': 19.14257312690006, 'estimated_weight': 21.05683043959007, 'aspect_ratio': 5.9988084402262025, 'center': (1006.706787109375, 1131.6025390625), 'contour': array([[[ 881, 1032]],

       [[ 881, 1035]],

       [[ 879, 1037]],

       ...,

       [[ 896, 1039]],

       [[ 903, 1039]],

       [[ 903, 1032]]], dtype=int32)}",87864.0,7269.096664190292,1095.7476806640625,182.660888671875,0.020895845396296783,1216.0,216.0,19.14257312690006,21.05683043959007,5.9988084402262025,Level 6,Level 6
/tmp/potato_inspection_system/data/test/1021/300-350 OK/Pic_2025_10_21_155508_458.jpeg,300-350 OK,300-350,300,350,OK,True,,,325.0,325.0,filename,3,"{'area': 652676.0, 'perimeter': 11391.198380470276, 'major_axis': 1341.810302734375, 'minor_axis': 733.6585693359375, 'circularity': 0.0632075092267794, 'width': 1312, 'height': 1011, 'estimated_volume': 378.16186719384973, 'estimated_weight': 415.97805391323476, 'aspect_ratio': 1.8289301847164396, 'center': (842.5650634765625, 528.8970947265625), 'contour': array([[[ 779,    0]],

       [[ 779,    3]],

       [[ 778,    4]],

       ...,

       [[1370,    3]],

       [[1369,    2]],

       [[1369,    0]]], dtype=int32)}",652676.0,11391.198380470276,1341.810302734375,733.6585693359375,0.0632075092267794,1312.0,1011.0,378.16186719384973,415.97805391323476,1.8289301847164396,Level 5,Level 5
/tmp/potato_inspection_system/data/test/1021/300-350 OK/Pic_2025_10_21_155509_459.jpeg,300-350 OK,300-350,300,350,OK,True,,,325.0,325.0,filename,3,"{'area': 884938.0, 'perimeter': 24911.675976753235, 'major_axis': 1660.8033447265625, 'minor_axis': 1217.7952880859375, 'circularity': 0.017919125684675744, 'width': 1791, 'height': 1539, 'estimated_volume': 1289.6308446726966, 'estimated_weight': 1418.5939291399663, 'aspect_ratio': 1.36377875737795, 'center': (1037.70849609375, 1317.4791259765625), 'contour': array([[[1680,  488]],

       [[1680,  495]],

       [[1679,  496]],

       ...,

       [[1688,  496]],

       [[1687,  495]],

       [[1687,  488]]], dtype=int32)}",884938.0,24911.675976753235,1660.8033447265625,1217.7952880859375,0.017919125684675744,1791.0,1539.0,1289.6308446726966,1418.5939291399663,1.36377875737795,Level 5,Level 5
/tmp/potato_inspection_system/data/test/1021/300-350 OK/Pic_2025_10_21_155511_461.jpeg,300-350 OK,300-350,300,350,OK,True,,,325.0,325.0,filename,3,"{'area': 595533.0, 'perimeter': 14681.628961324692, 'major_axis': 1345.4222412109375, 'minor_axis': 771.6626586914062, 'circularity': 0.034718999962366465, 'width': 1306, 'height': 795, 'estimated_volume': 419.48090367931064, 'estimated_weight': 461.42899404724176, 'aspect_ratio': 1.7435367981813696, 'center': (926.8601684570312, 827.8366088867188), 'contour': array([[[1568,  440]],

       [[1568,  447]],

       [[1567,  448]],

       ...,

       [[1568,  447]],

       [[1572,  447]],

       [[1572,  440]]], dtype=int32)}",595533.0,14681.628961324692,1345.4222412109375,771.6626586914062,0.034718999962366465,1306.0,795.0,419.48090367931064,461.42899404724176,1.7435367981813696,Level 5,Level 5
/tmp/potato_inspection_system/data/test/1021/300-350 OK/Pic_2025_10_21_155512_462.jpeg,300-350 OK,300-350,300,350,OK,True,,,325.0,325.0,filename,3,"{'area': 1392472.5, 'perimeter': 23633.19783616066, 'major_axis': 1774.29638671875, 'minor_axis': 1274.2406005859375, 'circularity': 0.031329359053233974, 'width': 1397, 'height': 1799, 'estimated_volume': 1508.438706454858, 'estimated_weight': 1659.2825771003438, 'aspect_ratio': 1.3924343533731938, 'center': (865.5252075195312, 1132.7349853515625), 'contour': array([[[1504,  345]],

       [[1504,  350]],

       [[1503,  351]],

       ...,

       [[1512,  352]],

       [[1511,  351]],

       [[1511,  345]]], dtype=int32)}",1392472.5,23633.19783616066,1774.29638671875,1274.2406005859375,0.031329359053233974,1397.0,1799.0,1508.438706454858,1659.2825771003438,1.3924343533731938,Level 5,Level 5
/tmp/potato_inspection_system/data/test/1021/300-350 OK/Pic_2025_10_21_155513_463.jpeg,300-350 OK,300-350,300,350,OK,True,,,325.0,325.0,filename,3,"{'area': 1435410.0, 'perimeter': 25920.141047477722, 'major_axis': 2040.5999755859375, 'minor_axis': 1241.062744140625, 'circularity': 0.026847948777388827, 'width': 1429, 'height': 2092, 'estimated_volume': 1645.67463973677, 'estimated_weight': 1810.242103710447, 'aspect_ratio': 1.6442359463452856, 'center': (879.8433227539062, 1575.6551513671875), 'contour': array([[[288, 488]],

       [[288, 495]],

       [[287, 496]],

       ...,

       [[288, 495]],

       [[303, 495]],

       [[303, 488]]], dtype=int32)}",1435410.0,25920.141047477722,2040.5999755859375,1241.062744140625,0.026847948777388827,1429.0,2092.0,1645.67463973677,1810.242103710447,1.6442359463452856,Level 5,Level 5
/tmp/potato_inspection_system/data/test/1021/300-350 OK/Pic_2025_10_21_155514_464.jpeg,300-350 OK,300-350,300,350,OK,True,,,325.0,325.0,filename,3,"{'area': 789499.5, 'perimeter': 9933.936405658722, 'major_axis': 1253.330322265625, 'minor_axis': 998.8571166992188, 'circularity': 0.10053539126449487, 'width': 1288, 'height': 1145, 'estimated_volume': 654.7430627764927, 'estimated_weight': 720.2173690541421, 'aspect_ratio': 1.2547643715122416, 'center': (961.3330078125, 2330.516357421875), 'contour': array([[[1001, 1855]],

       [[1001, 1858]],

       [[ 998, 1861]],

       ...,

       [[1014, 1858]],

       [[1013, 1857]],

       [[1013, 1855]]], dtype=int32)}",789499.5,9933.936405658722,1253.330322265625,998.8571166992188,0.10053539126449487,1288.0,1145.0,654.7430627764927,720.2173690541421,1.2547643715122416,Level 5,Level 5
/tmp/potato_inspection_system/data/test/1021/300-350 OK/Pic_2025_10_21_155510_460.jpeg,300-350 OK,300-350,300,350,OK,True,,,325.0,325.0,filename,3,"{'area': 1043546.5, 'perimeter': 19649.703325152397, 'major_axis': 1411.9876708984375, 'minor_axis': 1249.655029296875, 'circularity': 0.03396328382358892, 'width': 1415, 'height': 1324, 'estimated_volume': 1154.542194871201, 'estimated_weight': 1269.996414358321, 'aspect_ratio': 1.12990196317851, 'center': (890.6383666992188, 1219.4136962890625), 'contour': array([[[1230,  584]],

       [[1229,  585]],

       [[1222,  585]],

       ...,

       [[1237,  586]],

       [[1236,  585]],

       [[1236,  584]]], dtype=int32)}",1043546.5,19649.703325152397,1411.9876708984375,1249.655029296875,0.03396328382358892,1415.0,1324.0,1154.542194871201,1269.996414358321,1.12990196317851,Level 5,Level 5
/tmp/potato_inspection_system/data/test/1021/350-400 OK/Pic_2025_10_21_155743_613.jpeg,350-400 OK,350-400,350,400,OK,True,,,375.0,375.0,filename,3,"{'area': 268683.5, 'perimeter': 7039.8590759038925, 'major_axis': 1053.07470703125, 'minor_axis': 367.95599365234375, 'circularity': 0.06812757491913812, 'width': 1136, 'height': 424, 'estimated_volume': 74.65339577445161, 'estimated_weight': 82.11873535189677, 'aspect_ratio': 2.861958291746778, 'center': (1330.3480224609375, 211.54306030273438), 'contour': array([[[ 889,    0]],

       [[ 889,    4]],

       [[ 890,    5]],

       ...,

       [[1368,    3]],

       [[1367,    2]],

       [[1367,    0]]], dtype=int32)}",268683.5,7039.8590759038925,1053.07470703125,367.95599365234375,0.06812757491913812,1136.0,424.0,74.65339577445161,82.11873535189677,2.861958291746778,Level 4,Level 4
/tmp/potato_inspection_system/data/test/1021/350-400 OK/Pic_2025_10_21_155744_614.jpeg,350-400 OK,350-400,350,400,OK,True,,,375.0,375.0,filename,3,"{'area': 498595.0, 'perimeter': 7230.1992555856705, 'major_axis': 1289.9542236328125, 'minor_axis': 601.52734375, 'circularity': 0.11985530208433771, 'width': 1389, 'height': 787, 'estimated_volume': 244.39013372954074, 'estimated_weight': 268.82914710249486, 'aspect_ratio': 2.1444648145021463, 'center': (539.065673828125, 981.0762329101562), 'contour': array([[[626, 600]],

       [[626, 606]],

       [[625, 607]],

       ...,

       [[629, 622]],

       [[631, 620]],

       [[631, 600]]], dtype=int32)}",498595.0,7230.1992555856705,1289.9542236328125,601.52734375,0.11985530208433771,1389.0,787.0,244.39013372954074,268.82914710249486,2.1444648145021463,Level 4,Level 4
/tmp/potato_inspection_system/data/test/1021/350-400 OK/Pic_2025_10_21_155745_615.jpeg,350-400 OK,350-400,350,400,OK,True,,,375.0,375.0,filename,3,"{'area': 587529.0, 'perimeter': 11085.87456536293, 'major_axis': 1219.2552490234375, 'minor_axis': 855.7153930664062, 'circularity': 0.06007575691124898, 'width': 1239, 'height': 965, 'estimated_volume': 467.4680623679585, 'estimated_weight': 514.2148686047544, 'aspect_ratio': 1.4248373453401455, 'center': (690.139892578125, 2016.462158203125), 'contour': array([[[1011, 1572]],

       [[1010, 1573]],

       [[1000, 1573]],

       ...,

       [[1023, 1582]],

       [[1022, 1581]],

       [[1022, 1572]]], dtype=int32)}",587529.0,11085.87456536293,1219.2552490234375,855.7153930664062,0.06007575691124898,1239.0,965.0,467.4680623679585,514.2148686047544,1.4248373453401455,Level 4,Level 4
/tmp/potato_inspection_system/data/test/1021/350-400 OK/Pic_2025_10_21_155746_616.jpeg,350-400 OK,350-400,350,400,OK,True,,,375.0,375.0,filename,3,"{'area': 411451.5, 'perimeter': 5752.8540226221085, 'major_axis': 937.139892578125, 'minor_axis': 671.7261352539062, 'circularity': 0.15622905502669562, 'width': 962, 'height': 741, 'estimated_volume': 221.40505885266913, 'estimated_weight': 243.54556473793605, 'aspect_ratio': 1.395121975154197, 'center': (1235.35791015625, 384.0160827636719), 'contour': array([[[1016,    0]],

       [[1016,    2]],

       [[1021,    2]],

       ...,

       [[1368,    4]],

       [[1367,    3]],

       [[1367,    0]]], dtype=int32)}",411451.5,5752.8540226221085,937.139892578125,671.7261352539062,0.15622905502669562,962.0,741.0,221.40505885266913,243.54556473793605,1.395121975154197,Level 4,Level 4
/tmp/potato_inspection_system/data/test/1021/350-400 OK/Pic_2025_10_21_155747_617.jpeg,350-400 OK,350-400,350,400,OK,True,,,375.0,375.0,filename,3,"{'area': 541459.0, 'perimeter': 9440.355671167374, 'major_axis': 1248.7259521484375, 'minor_axis': 713.5116577148438, 'circularity': 0.0763481867333225, 'width': 1339, 'height': 800, 'estimated_volume': 332.86482678817015, 'estimated_weight': 366.1513094669872, 'aspect_ratio': 1.7501128939472677, 'center': (1078.121826171875, 1284.90625), 'contour': array([[[1248,  867]],

       [[1248,  868]],

       [[1247,  869]],

       ...,

       [[1258,  872]],

       [[1258,  868]],

       [[1257,  867]]], dtype=int32)}",541459.0,9440.355671167374,1248.7259521484375,713.5116577148438,0.0763481867333225,1339.0,800.0,332.86482678817015,366.1513094669872,1.7501128939472677,Level 4,Level 4
/tmp/potato_inspection_system/data/test/1021/350-400 OK/Pic_2025_10_21_155750_620.jpeg,350-400 OK,350-400,350,400,OK,True,,,375.0,375.0,filename,3,"{'area': 989442.0, 'perimeter': 20320.760113954544, 'major_axis': 1491.2857666015625, 'minor_axis': 1118.1414794921875, 'circularity': 0.030110662245148963, 'width': 1712, 'height': 1480, 'estimated_volume': 976.2319397941612, 'estimated_weight': 1073.8551337735773, 'aspect_ratio': 1.333718311996476, 'center': (1036.2784423828125, 1446.9761962890625), 'contour': array([[[1651,  712]],

       [[1651,  727]],

       [[1655,  727]],

       ...,

       [[1656,  728]],

       [[1655,  727]],

       [[1655,  712]]], dtype=int32)}",989442.0,20320.760113954544,1491.2857666015625,1118.1414794921875,0.030110662245148963,1712.0,1480.0,976.2319397941612,1073.8551337735773,1.333718311996476,Level 4,Level 4
/tmp/potato_inspection_system/data/test/1021/350-400 OK/Pic_2025_10_21_155749_619.jpeg,350-400 OK,350-400,350,400,OK,True,,,375.0,375.0,filename,3,"{'area': 700758.5, 'perimeter': 11937.666415333748, 'major_axis': 1352.6444091796875, 'minor_axis': 816.790283203125, 'circularity': 0.06179301142177168, 'width': 1311, 'height': 1000, 'estimated_volume': 472.50171517222185, 'estimated_weight': 519.7518866894441, 'aspect_ratio': 1.6560486051268348, 'center': (954.9580078125, 845.4716186523438), 'contour': array([[[312, 312]],

       [[306, 318]],

       [[306, 319]],

       ...,

       [[312, 327]],

       [[319, 327]],

       [[319, 312]]], dtype=int32)}",700758.5,11937.666415333748,1352.6444091796875,816.790283203125,0.06179301142177168,1311.0,1000.0,472.50171517222185,519.7518866894441,1.6560486051268348,Level 4,Level 4
/tmp/potato_inspection_system/data/test/1021/350-400 OK/Pic_2025_10_21_155751_621.jpeg,350-400 OK,350-400,350,400,OK,True,,,375.0,375.0,filename,3,"{'area': 715541.0, 'perimeter': 8850.639941573143, 'major_axis': 1266.7191162109375, 'minor_axis': 889.2538452148438, 'circularity': 0.11478761726631033, 'width': 1266, 'height': 1126, 'estimated_volume': 524.4818339441074, 'estimated_weight': 576.9300173385182, 'aspect_ratio': 1.4244741510281558, 'center': (1046.1451416015625, 2376.736328125), 'contour': array([[[1245, 1874]],

       [[1245, 1878]],

       [[1243, 1880]],

       ...,

       [[1256, 1880]],

       [[1255, 1879]],

       [[1255, 1874]]], dtype=int32)}",715541.0,8850.639941573143,1266.7191162109375,889.2538452148438,0.11478761726631033,1266.0,1126.0,524.4818339441074,576.9300173385182,1.4244741510281558,Level 4,Level 4
/tmp/potato_inspection_system/data/test/1021/350-400 OK/Pic_2025_10_21_155748_618.jpeg,350-400 OK,350-400,350,400,OK,True,,,375.0,375.0,filename,3,"{'area': 513488.5, 'perimeter': 9840.303936839104, 'major_axis': 1145.9039306640625, 'minor_axis': 666.1011352539062, 'circularity': 0.06663824645463005, 'width': 1116, 'height': 694, 'estimated_volume': 266.2117247217979, 'estimated_weight': 292.8328971939777, 'aspect_ratio': 1.7203152344534944, 'center': (971.7571411132812, 2086.646728515625), 'contour': array([[[ 616, 1738]],

       [[ 615, 1739]],

       [[ 584, 1739]],

       ...,

       [[ 642, 1739]],

       [[ 634, 1739]],

       [[ 633, 1738]]], dtype=int32)}",513488.5,9840.303936839104,1145.9039306640625,666.1011352539062,0.06663824645463005,1116.0,694.0,266.2117247217979,292.8328971939777,1.7203152344534944,Level 4,Level 4
/tmp/potato_inspection_system/data/test/1021/250-300 NG/Pic_2025_10_21_155352_382.jpeg,250-300 NG,250-300,250,300,NG,False,,,275.0,275.0,filename,3,"{'area': 498566.5, 'perimeter': 11500.494842410088, 'major_axis': 1274.83154296875, 'minor_axis': 677.1126708984375, 'circularity': 0.04736962020319808, 'width': 1206, 'height': 699, 'estimated_volume': 306.0365551081292, 'estimated_weight': 336.64021061894215, 'aspect_ratio': 1.8827465468593578, 'center': (921.3491821289062, 1063.529052734375), 'contour': array([[[1084,  695]],

       [[1083,  696]],

       [[1082,  696]],

       ...,

       [[1096,  704]],

       [[1095,  703]],

       [[1095,  695]]], dtype=int32)}",498566.5,11500.494842410088,1274.83154296875,677.1126708984375,0.04736962020319808,1206.0,699.0,306.0365551081292,336.64021061894215,1.8827465468593578,Level 6,NG
/tmp/potato_inspection_system/data/test/1021/250-300 NG/Pic_2025_10_21_155353_383.jpeg,250-300 NG,250-300,250,300,NG,False,,,275.0,275.0,filename,3,"{'area': 446968.5, 'perimeter': 8953.319093823433, 'major_axis': 1205.353515625, 'minor_axis': 669.3740844726562, 'circularity': 0.07006782806657992, 'width': 1120, 'height': 782, 'estimated_volume': 282.7814060671046, 'estimated_weight': 311.05954667381513, 'aspect_ratio': 1.8007173321844347, 'center': (1207.6875, 999.9163818359375), 'contour': array([[[1493,  594]],

       [[1492,  595]],

       [[1488,  595]],

       ...,

       [[1506,  595]],

       [[1499,  595]],

       [[1498,  594]]], dtype=int32)}",446968.5,8953.319093823433,1205.353515625,669.3740844726562,0.07006782806657992,1120.0,782.0,282.7814060671046,311.05954667381513,1.8007173321844347,Level 6,NG
/tmp/potato_inspection_system/data/test/1021/250-300 NG/Pic_2025_10_21_155354_384.jpeg,250-300 NG,250-300,250,300,NG,False,,,275.0,275.0,filename,3,"{'area': 425461.5, 'perimeter': 7282.4662808179855, 'major_axis': 1465.748291015625, 'minor_axis': 523.7557983398438, 'circularity': 0.10081221710715933, 'width': 1365, 'height': 528, 'estimated_volume': 210.53083196460537, 'estimated_weight': 231.58391516106593, 'aspect_ratio': 2.798533774063463, 'center': (932.6378784179688, 855.8863525390625), 'contour': array([[[1032,  588]],

       [[1032,  589]],

       [[1031,  590]],

       ...,

       [[1057,  589]],

       [[1037,  589]],

       [[1036,  588]]], dtype=int32)}",425461.5,7282.4662808179855,1465.748291015625,523.7557983398438,0.10081221710715933,1365.0,528.0,210.53083196460537,231.58391516106593,2.798533774063463,Level 6,NG
/tmp/potato_inspection_system/data/test/1021/250-300 NG/Pic_2025_10_21_155355_385.jpeg,250-300 NG,250-300,250,300,NG,False,,,275.0,275.0,filename,3,"{'area': 487486.0, 'perimeter': 8198.44903743267, 'major_axis': 1183.653076171875, 'minor_axis': 594.0929565429688, 'circularity': 0.09113991287039173, 'width': 1287, 'height': 585, 'estimated_volume': 218.7418397203449, 'estimated_weight': 240.6160236923794, 'aspect_ratio': 1.9923701554375612, 'center': (875.5955200195312, 322.984375), 'contour': array([[[433,   0]],

       [[433,   2]],

       [[432,   3]],

       ...,

       [[448,   8]],

       [[447,   7]],

       [[447,   0]]], dtype=int32)}",487486.0,8198.44903743267,1183.653076171875,594.0929565429688,0.09113991287039173,1287.0,585.0,218.7418397203449,240.6160236923794,1.9923701554375612,Level 6,NG
/tmp/potato_inspection_system/data/test/1021/250-300 NG/Pic_2025_10_21_155356_386.jpeg,250-300 NG,250-300,250,300,NG,False,,,275.0,275.0,filename,3,"{'area': 563643.0, 'perimeter': 12179.517139911652, 'major_axis': 1582.197998046875, 'minor_axis': 582.127685546875, 'circularity': 0.04774785209958314, 'width': 1800, 'height': 644, 'estimated_volume': 280.73461296714055, 'estimated_weight': 308.8080742638546, 'aspect_ratio': 2.7179569660228275, 'center': (916.998291015625, 1033.837890625), 'contour': array([[[920, 724]],

       [[920, 735]],

       [[919, 736]],

       ...,

       [[927, 738]],

       [[924, 735]],

       [[924, 724]]], dtype=int32)}",563643.0,12179.517139911652,1582.197998046875,582.127685546875,0.04774785209958314,1800.0,644.0,280.73461296714055,308.8080742638546,2.7179569660228275,Level 6,NG
/tmp/potato_inspection_system/data/test/1021/250-300 NG/Pic_2025_10_21_155357_387.jpeg,250-300 NG,250-300,250,300,NG,False,,,275.0,275.0,filename,3,"{'area': 848489.5, 'perimeter': 16972.371163129807, 'major_axis': 1451.03125, 'minor_axis': 1082.1822509765625, 'circularity': 0.037014449531853004, 'width': 1314, 'height': 1416, 'estimated_volume': 889.7668094891856, 'estimated_weight': 978.7434904381042, 'aspect_ratio': 1.3408381524374362, 'center': (1230.2442626953125, 706.2074584960938), 'contour': array([[[1568,    0]],

       [[1568,    7]],

       [[1567,    8]],

       ...,

       [[1576,    8]],

       [[1575,    7]],

       [[1575,    0]]], dtype=int32)}",848489.5,16972.371163129807,1451.03125,1082.1822509765625,0.037014449531853004,1314.0,1416.0,889.7668094891856,978.7434904381042,1.3408381524374362,Level 6,NG
/tmp/potato_inspection_system/data/test/1021/250-300 NG/Pic_2025_10_21_155358_388.jpeg,250-300 NG,250-300,250,300,NG,False,,,275.0,275.0,filename,3,"{'area': 451220.5, 'perimeter': 7739.412459492683, 'major_axis': 1118.8837890625, 'minor_axis': 606.2853393554688, 'circularity': 0.09466353143781381, 'width': 1247, 'height': 618, 'estimated_volume': 215.34646013402315, 'estimated_weight': 236.88110614742547, 'aspect_ratio': 1.8454739318815883, 'center': (941.0014038085938, 797.2044677734375), 'contour': array([[[1064,  520]],

       [[1064,  525]],

       [[1063,  526]],

       ...,

       [[1085,  526]],

       [[1083,  524]],

       [[1083,  520]]], dtype=int32)}",451220.5,7739.412459492683,1118.8837890625,606.2853393554688,0.09466353143781381,1247.0,618.0,215.34646013402315,236.88110614742547,1.8454739318815883,Level 6,NG
/tmp/potato_inspection_system/data/test/1021/250-300 NG/Pic_2025_10_21_155359_389.jpeg,250-300 NG,250-300,250,300,NG,False,,,275.0,275.0,filename,3,"{'area': 557122.0, 'perimeter': 12893.815690517426, 'major_axis': 1285.808837890625, 'minor_axis': 757.5079956054688, 'circularity': 0.0421111650354894, 'width': 1197, 'height': 760, 'estimated_volume': 386.3220271799492, 'estimated_weight': 424.9542298979442, 'aspect_ratio': 1.6974194930614437, 'center': (988.0606079101562, 1904.2677001953125), 'contour': array([[[ 885, 1512]],

       [[ 885, 1517]],

       [[ 882, 1520]],

       ...,

       [[ 892, 1518]],

       [[ 891, 1517]],

       [[ 891, 1512]]], dtype=int32)}",557122.0,12893.815690517426,1285.808837890625,757.5079956054688,0.0421111650354894,1197.0,760.0,386.3220271799492,424.9542298979442,1.6974194930614437,Level 6,NG
/tmp/potato_inspection_system/data/test/1021/250-300 NG/Pic_2025_10_21_155400_390.jpeg,250-300 NG,250-300,250,300,NG,False,,,275.0,275.0,filename,3,"{'area': 210891.0, 'perimeter': 3200.641696691513, 'major_axis': 889.1041259765625, 'minor_axis': 298.1817932128906, 'circularity': 0.25869842976346696, 'width': 890, 'height': 304, 'estimated_volume': 41.391721790249754, 'estimated_weight': 45.530893969274736, 'aspect_ratio': 2.981751891678294, 'center': (866.9368896484375, 2858.574951171875), 'contour': array([[[ 896, 2696]],

       [[ 896, 2703]],

       [[ 895, 2704]],

       [[ 888, 2704]],

       [[ 887, 2703]],

       [[ 887, 2702]],

       [[ 886, 2701]],

       [[ 872, 2701]],

       [[ 872, 2703]],

       [[ 871, 2704]],

       [[ 852, 2704]],

       [[ 850, 2706]],

       [[ 848, 2706]],

       [[ 847, 2707]],

       [[ 840, 2707]],

       [[ 840, 2710]],

       [[ 839, 2711]],

       [[ 824, 2711]],

       [[ 823, 2710]],

       [[ 823, 2709]],

       [[ 819, 2709]],

       [[ 818, 2710]],

       [[ 816, 2710]],

       [[ 816, 2711]],

       [[ 815, 2712]],

       [[ 808, 2712]],

       [[ 808, 2713]],

       [[ 807, 2714]],

       [[ 800, 2714]],

       [[ 799, 2715]],

       [[ 792, 2715]],

       [[ 792, 2716]],

       [[ 791, 2717]],

       [[ 780, 2717]],

       [[ 779, 2718]],

       [[ 776, 2718]],

       [[ 776, 2719]],

       [[ 775, 2720]],

       [[ 760, 2720]],

       [[ 759, 2721]],

       [[ 752, 2721]],

       [[ 752, 2722]],

       [[ 751, 2723]],

       [[ 744, 2723]],

       [[ 743, 2724]],

       [[ 736, 2724]],

       [[ 736, 2725]],

       [[ 735, 2726]],

       [[ 728, 2726]],

       [[ 728, 2727]],

       [[ 727, 2728]],

       [[ 709, 2728]],

       [[ 707, 2730]],

       [[ 704, 2730]],

       [[ 703, 2731]],

       [[ 696, 2731]],

       [[ 695, 2732]],

       [[ 693, 2732]],

       [[ 692, 2733]],

       [[ 688, 2733]],

       [[ 688, 2735]],

       [[ 687, 2736]],

       [[ 672, 2736]],

       [[ 671, 2737]],

       [[ 664, 2737]],

       [[ 664, 2738]],

       [[ 663, 2739]],

       [[ 656, 2739]],

       [[ 655, 2740]],

       [[ 653, 2740]],

       [[ 652, 2741]],

       [[ 651, 2741]],

       [[ 650, 2742]],

       [[ 648, 2742]],

       [[ 648, 2747]],

       [[ 647, 2748]],

       [[ 640, 2748]],

       [[ 639, 2747]],

       [[ 639, 2746]],

       [[ 632, 2746]],

       [[ 632, 2748]],

       [[ 631, 2749]],

       [[ 616, 2749]],

       [[ 616, 2751]],

       [[ 615, 2752]],

       [[ 608, 2752]],

       [[ 608, 2754]],

       [[ 607, 2755]],

       [[ 602, 2755]],

       [[ 600, 2757]],

       [[ 598, 2757]],

       [[ 597, 2758]],

       [[ 595, 2758]],

       [[ 594, 2759]],

       [[ 592, 2759]],

       [[ 592, 2760]],

       [[ 591, 2761]],

       [[ 588, 2761]],

       [[ 587, 2762]],

       [[ 586, 2762]],

       [[ 585, 2763]],

       [[ 584, 2763]],

       [[ 584, 2764]],

       [[ 583, 2765]],

       [[ 580, 2765]],

       [[ 579, 2766]],

       [[ 576, 2766]],

       [[ 576, 2767]],

       [[ 575, 2768]],

       [[ 571, 2768]],

       [[ 571, 2769]],

       [[ 569, 2771]],

       [[ 566, 2771]],

       [[ 566, 2772]],

       [[ 565, 2773]],

       [[ 560, 2773]],

       [[ 560, 2777]],

       [[ 559, 2778]],

       [[ 555, 2778]],

       [[ 554, 2779]],

       [[ 552, 2779]],

       [[ 552, 2783]],

       [[ 551, 2784]],

       [[ 542, 2784]],

       [[ 542, 2785]],

       [[ 538, 2789]],

       [[ 538, 2791]],

       [[ 537, 2792]],

       [[ 528, 2792]],

       [[ 528, 2794]],

       [[ 527, 2795]],

       [[ 526, 2795]],

       [[ 525, 2796]],

       [[ 524, 2796]],

       [[ 523, 2797]],

       [[ 522, 2797]],

       [[ 521, 2798]],

       [[ 520, 2798]],

       [[ 520, 2799]],

       [[ 519, 2800]],

       [[ 516, 2800]],

       [[ 515, 2801]],

       [[ 515, 2802]],

       [[ 513, 2804]],

       [[ 513, 2807]],

       [[ 512, 2808]],

       [[ 504, 2808]],

       [[ 502, 2810]],

       [[ 501, 2810]],

       [[ 495, 2816]],

       [[ 488, 2816]],

       [[ 488, 2818]],

       [[ 487, 2819]],

       [[ 484, 2819]],

       [[ 483, 2820]],

       [[ 482, 2820]],

       [[ 481, 2821]],

       [[ 480, 2821]],

       [[ 480, 2822]],

       [[ 479, 2823]],

       [[ 477, 2823]],

       [[ 476, 2824]],

       [[ 472, 2824]],

       [[ 472, 2826]],

       [[ 471, 2827]],

       [[ 469, 2827]],

       [[ 468, 2828]],

       [[ 466, 2828]],

       [[ 465, 2829]],

       [[ 464, 2829]],

       [[ 463, 2830]],

       [[ 462, 2830]],

       [[ 460, 2832]],

       [[ 456, 2832]],

       [[ 456, 2833]],

       [[ 453, 2836]],

       [[ 452, 2836]],

       [[ 451, 2837]],

       [[ 450, 2837]],

       [[ 450, 2838]],

       [[ 449, 2839]],

       [[ 444, 2839]],

       [[ 444, 2847]],

       [[ 443, 2848]],

       [[ 435, 2848]],

       [[ 434, 2849]],

       [[ 434, 2850]],

       [[ 433, 2851]],

       [[ 433, 2855]],

       [[ 432, 2856]],

       [[ 428, 2856]],

       [[ 428, 2863]],

       [[ 427, 2864]],

       [[ 421, 2864]],

       [[ 421, 2871]],

       [[ 420, 2872]],

       [[ 416, 2872]],

       [[ 416, 2874]],

       [[ 415, 2875]],

       [[ 414, 2875]],

       [[ 409, 2880]],

       [[ 405, 2880]],

       [[ 405, 2881]],

       [[ 404, 2882]],

       [[ 402, 2882]],

       [[ 402, 2884]],

       [[ 401, 2885]],

       [[ 400, 2885]],

       [[ 400, 2887]],

       [[ 399, 2888]],

       [[ 395, 2888]],

       [[ 395, 2890]],

       [[ 394, 2891]],

       [[ 394, 2893]],

       [[ 393, 2894]],

       [[ 393, 2895]],

       [[ 392, 2896]],

       [[ 392, 2899]],

       [[ 391, 2900]],

       [[ 390, 2900]],

       [[ 389, 2901]],

       [[ 389, 2903]],

       [[ 388, 2904]],

       [[ 388, 2905]],

       [[ 387, 2906]],

       [[ 387, 2907]],

       [[ 386, 2908]],

       [[ 386, 2909]],

       [[ 384, 2911]],

       [[ 384, 2915]],

       [[ 382, 2917]],

       [[ 382, 2918]],

       [[ 380, 2920]],

       [[ 380, 2927]],

       [[ 381, 2928]],

       [[ 381, 2935]],

       [[ 382, 2935]],

       [[ 384, 2937]],

       [[ 384, 2947]],

       [[ 386, 2949]],

       [[ 386, 2954]],

       [[ 384, 2956]],

       [[ 384, 2967]],

       [[ 383, 2968]],

       [[ 383, 2975]],

       [[ 394, 2975]],

       [[ 395, 2976]],

       [[ 395, 2983]],

       [[ 397, 2983]],

       [[ 398, 2984]],

       [[ 398, 2991]],

       [[ 397, 2992]],

       [[ 392, 2992]],

       [[ 392, 2999]],

       [[ 559, 2999]],

       [[ 559, 2992]],

       [[ 560, 2991]],

       [[ 583, 2991]],

       [[ 584, 2992]],

       [[ 584, 2999]],

       [[ 647, 2999]],

       [[ 647, 2976]],

       [[ 640, 2976]],

       [[ 639, 2975]],

       [[ 639, 2968]],

       [[ 600, 2968]],

       [[ 599, 2967]],

       [[ 599, 2960]],

       [[ 600, 2959]],

       [[ 615, 2959]],

       [[ 615, 2952]],

       [[ 616, 2951]],

       [[ 623, 2951]],

       [[ 623, 2928]],

       [[ 616, 2928]],

       [[ 616, 2935]],

       [[ 615, 2936]],

       [[ 608, 2936]],

       [[ 607, 2935]],

       [[ 607, 2904]],

       [[ 592, 2904]],

       [[ 591, 2903]],

       [[ 591, 2888]],

       [[ 592, 2887]],

       [[ 607, 2887]],

       [[ 607, 2880]],

       [[ 608, 2879]],

       [[ 623, 2879]],

       [[ 623, 2872]],

       [[ 624, 2871]],

       [[ 631, 2871]],

       [[ 632, 2872]],

       [[ 632, 2885]],

       [[ 629, 2888]],

       [[ 616, 2888]],

       [[ 616, 2903]],

       [[ 623, 2903]],

       [[ 624, 2904]],

       [[ 624, 2919]],

       [[ 631, 2919]],

       [[ 631, 2912]],

       [[ 632, 2911]],

       [[ 639, 2911]],

       [[ 639, 2904]],

       [[ 640, 2903]],

       [[ 647, 2903]],

       [[ 648, 2904]],

       [[ 648, 2927]],

       [[ 647, 2928]],

       [[ 640, 2928]],

       [[ 640, 2935]],

       [[ 647, 2935]],

       [[ 648, 2936]],

       [[ 648, 2943]],

       [[ 647, 2944]],

       [[ 640, 2944]],

       [[ 640, 2951]],

       [[ 647, 2951]],

       [[ 648, 2952]],

       [[ 648, 2967]],

       [[ 655, 2967]],

       [[ 656, 2968]],

       [[ 656, 2991]],

       [[ 663, 2991]],

       [[ 663, 2984]],

       [[ 664, 2983]],

       [[ 671, 2983]],

       [[ 671, 2960]],

       [[ 672, 2959]],

       [[ 679, 2959]],

       [[ 679, 2952]],

       [[ 680, 2951]],

       [[ 687, 2951]],

       [[ 687, 2944]],

       [[ 680, 2944]],

       [[ 679, 2943]],

       [[ 679, 2928]],

       [[ 680, 2927]],

       [[ 695, 2927]],

       [[ 696, 2928]],

       [[ 696, 2943]],

       [[ 703, 2943]],

       [[ 704, 2944]],

       [[ 704, 2951]],

       [[ 703, 2952]],

       [[ 696, 2952]],

       [[ 696, 2975]],

       [[ 695, 2976]],

       [[ 680, 2976]],

       [[ 680, 2983]],

       [[ 695, 2983]],

       [[ 696, 2984]],

       [[ 696, 2991]],

       [[ 703, 2991]],

       [[ 704, 2992]],

       [[ 704, 2999]],

       [[ 831, 2999]],

       [[ 831, 2992]],

       [[ 832, 2991]],

       [[ 839, 2991]],

       [[ 840, 2992]],

       [[ 840, 2999]],

       [[1255, 2999]],

       [[1255, 2992]],

       [[1256, 2991]],

       [[1263, 2991]],

       [[1264, 2992]],

       [[1264, 2999]],

       [[1269, 2999]],

       [[1269, 2992]],

       [[1264, 2992]],

       [[1263, 2991]],

       [[1263, 2936]],

       [[1256, 2936]],

       [[1255, 2935]],

       [[1255, 2912]],

       [[1256, 2911]],

       [[1263, 2911]],

       [[1263, 2896]],

       [[1256, 2896]],

       [[1255, 2895]],

       [[1255, 2880]],

       [[1248, 2880]],

       [[1247, 2879]],

       [[1247, 2872]],

       [[1240, 2872]],

       [[1239, 2871]],

       [[1239, 2864]],

       [[1240, 2863]],

       [[1247, 2863]],

       [[1247, 2852]],

       [[1248, 2851]],

       [[1252, 2851]],

       [[1255, 2848]],

       [[1255, 2840]],

       [[1248, 2840]],

       [[1247, 2839]],

       [[1247, 2824]],

       [[1233, 2824]],

       [[1232, 2823]],

       [[1232, 2822]],

       [[1231, 2821]],

       [[1231, 2816]],

       [[1232, 2815]],

       [[1239, 2815]],

       [[1239, 2808]],

       [[1224, 2808]],

       [[1223, 2807]],

       [[1223, 2792]],

       [[1217, 2792]],

       [[1216, 2791]],

       [[1216, 2784]],

       [[1209, 2784]],

       [[1208, 2783]],

       [[1208, 2782]],

       [[1207, 2781]],

       [[1207, 2768]],

       [[1205, 2768]],

       [[1204, 2767]],

       [[1204, 2762]],

       [[1203, 2761]],

       [[1203, 2760]],

       [[1200, 2760]],

       [[1199, 2759]],

       [[1199, 2757]],

       [[1198, 2757]],

       [[1194, 2753]],

       [[1194, 2752]],

       [[1184, 2752]],

       [[1183, 2751]],

       [[1183, 2742]],

       [[1179, 2742]],

       [[1178, 2743]],

       [[1176, 2743]],

       [[1175, 2744]],

       [[1136, 2744]],

       [[1136, 2751]],

       [[1135, 2752]],

       [[1120, 2752]],

       [[1119, 2751]],

       [[1119, 2736]],

       [[1112, 2736]],

       [[1112, 2743]],

       [[1111, 2744]],

       [[1096, 2744]],

       [[1095, 2743]],

       [[1095, 2736]],

       [[1064, 2736]],

       [[1063, 2735]],

       [[1063, 2728]],

       [[1064, 2727]],

       [[1071, 2727]],

       [[1071, 2720]],

       [[1064, 2720]],

       [[1063, 2719]],

       [[1063, 2712]],

       [[1056, 2712]],

       [[1055, 2711]],

       [[1055, 2699]],

       [[1048, 2699]],

       [[1047, 2700]],

       [[1040, 2700]],

       [[1040, 2703]],

       [[1039, 2704]],

       [[1021, 2704]],

       [[1020, 2703]],

       [[1016, 2703]],

       [[1015, 2702]],

       [[1015, 2696]],

       [[ 992, 2696]],

       [[ 992, 2703]],

       [[ 991, 2704]],

       [[ 968, 2704]],

       [[ 967, 2703]],

       [[ 967, 2696]]], dtype=int32)}",210891.0,3200.641696691513,889.1041259765625,298.1817932128906,0.25869842976346696,890.0,304.0,41.391721790249754,45.530893969274736,2.981751891678294,Level 6,NG
/tmp/potato_inspection_system/data/test/1021/300-350 NG/Pic_2025_10_21_155605_515.jpeg,300-350 NG,300-350,300,350,NG,False,,,325.0,325.0,filename,3,"{'area': 498394.5, 'perimeter': 10132.740447878838, 'major_axis': 1480.79931640625, 'minor_axis': 621.5890502929688, 'circularity': 0.06099992043754377, 'width': 1360, 'height': 687, 'estimated_volume': 299.57222049268563, 'estimated_weight': 329.5294425419542, 'aspect_ratio': 2.3822802472281586, 'center': (1034.12939453125, 859.3773803710938), 'contour': array([[[1552,  492]],

       [[1551,  493]],

       [[1528,  493]],

       ...,

       [[1558,  504]],

       [[1559,  503]],

       [[1559,  492]]], dtype=int32)}",498394.5,10132.740447878838,1480.79931640625,621.5890502929688,0.06099992043754377,1360.0,687.0,299.57222049268563,329.5294425419542,2.3822802472281586,Level 5,NG
/tmp/potato_inspection_system/data/test/1021/300-350 NG/Pic_2025_10_21_155606_516.jpeg,300-350 NG,300-350,300,350,NG,False,,,325.0,325.0,filename,3,"{'area': 965214.0, 'perimeter': 12686.24209690094, 'major_axis': 1384.931640625, 'minor_axis': 981.902099609375, 'circularity': 0.0753646152994659, 'width': 1232, 'height': 1254, 'estimated_volume': 699.1386910575394, 'estimated_weight': 769.0525601632934, 'aspect_ratio': 1.4104579684430456, 'center': (1036.0538330078125, 1566.547607421875), 'contour': array([[[1424,  930]],

       [[1424,  931]],

       [[1423,  932]],

       ...,

       [[1447,  931]],

       [[1440,  931]],

       [[1439,  930]]], dtype=int32)}",965214.0,12686.24209690094,1384.931640625,981.902099609375,0.0753646152994659,1232.0,1254.0,699.1386910575394,769.0525601632934,1.4104579684430456,Level 5,NG
/tmp/potato_inspection_system/data/test/1021/300-350 NG/Pic_2025_10_21_155607_517.jpeg,300-350 NG,300-350,300,350,NG,False,,,325.0,325.0,filename,3,"{'area': 465470.5, 'perimeter': 7439.471334934235, 'major_axis': 1420.208251953125, 'minor_axis': 659.3583374023438, 'circularity': 0.10568610112172025, 'width': 1181, 'height': 717, 'estimated_volume': 323.29103248804313, 'estimated_weight': 355.6201357368475, 'aspect_ratio': 2.1539247650197026, 'center': (1044.6014404296875, 2271.3369140625), 'contour': array([[[1379, 1907]],

       [[1378, 1908]],

       [[1376, 1908]],

       ...,

       [[1384, 1909]],

       [[1383, 1908]],

       [[1383, 1907]]], dtype=int32)}",465470.5,7439.471334934235,1420.208251953125,659.3583374023438,0.10568610112172025,1181.0,717.0,323.29103248804313,355.6201357368475,2.1539247650197026,Level 5,NG
/tmp/potato_inspection_system/data/test/1021/350-400 NG/Pic_2025_10_21_155821_651.jpeg,350-400 NG,350-400,350,400,NG,False,,,375.0,375.0,filename,3,"{'area': 449743.5, 'perimeter': 5504.40323138237, 'major_axis': 1162.8111572265625, 'minor_axis': 672.458740234375, 'circularity': 0.18653239958192488, 'width': 1232, 'height': 520, 'estimated_volume': 275.3208475652984, 'estimated_weight': 302.85293232182823, 'aspect_ratio': 1.72919331351286, 'center': (655.5346069335938, 167.7286376953125), 'contour': array([[[ 187,    0]],

       [[ 187,    2]],

       [[ 185,    4]],

       ...,

       [[1034,    3]],

       [[1033,    2]],

       [[1033,    0]]], dtype=int32)}",449743.5,5504.40323138237,1162.8111572265625,672.458740234375,0.18653239958192488,1232.0,520.0,275.3208475652984,302.85293232182823,1.72919331351286,Level 4,NG
/tmp/potato_inspection_system/data/test/1021/350-400 NG/Pic_2025_10_21_155822_652.jpeg,350-400 NG,350-400,350,400,NG,False,,,375.0,375.0,filename,3,"{'area': 533289.5, 'perimeter': 8606.657186865807, 'major_axis': 1254.0186767578125, 'minor_axis': 625.5444946289062, 'circularity': 0.09046985353022395, 'width': 1365, 'height': 655, 'estimated_volume': 256.93249813808757, 'estimated_weight': 282.62574795189636, 'aspect_ratio': 2.0046834198448793, 'center': (718.9546508789062, 1217.4661865234375), 'contour': array([[[1235,  913]],

       [[1234,  914]],

       [[1233,  914]],

       ...,

       [[1234,  925]],

       [[1239,  925]],

       [[1239,  913]]], dtype=int32)}",533289.5,8606.657186865807,1254.0186767578125,625.5444946289062,0.09046985353022395,1365.0,655.0,256.93249813808757,282.62574795189636,2.0046834198448793,Level 4,NG
/tmp/potato_inspection_system/data/test/1021/350-400 NG/Pic_2025_10_21_155823_653.jpeg,350-400 NG,350-400,350,400,NG,False,,,375.0,375.0,filename,3,"{'area': 430751.0, 'perimeter': 8946.591171622276, 'major_axis': 1200.8570556640625, 'minor_axis': 542.4920043945312, 'circularity': 0.06762713269804256, 'width': 1264, 'height': 632, 'estimated_volume': 185.0446868191039, 'estimated_weight': 203.5491555010143, 'aspect_ratio': 2.213594017858981, 'center': (713.54296875, 2229.364013671875), 'contour': array([[[1286, 1904]],

       [[1286, 1909]],

       [[1285, 1910]],

       ...,

       [[1288, 1911]],

       [[1295, 1911]],

       [[1295, 1904]]], dtype=int32)}",430751.0,8946.591171622276,1200.8570556640625,542.4920043945312,0.06762713269804256,1264.0,632.0,185.0446868191039,203.5491555010143,2.213594017858981,Level 4,NG
/tmp/potato_inspection_system/data/test/1021/400-450 OK/Pic_2025_10_21_155918_708.jpeg,400-450 OK,400-450,400,450,OK,True,,,425.0,425.0,filename,3,"{'area': 591822.5, 'perimeter': 12977.014613389969, 'major_axis': 1479.045654296875, 'minor_axis': 937.5711059570312, 'circularity': 0.0441623066314374, 'width': 1629, 'height': 1195, 'estimated_volume': 680.7515387265298, 'estimated_weight': 748.8266925991828, 'aspect_ratio': 1.577529048089777, 'center': (1328.329345703125, 1186.006103515625), 'contour': array([[[1664,  560]],

       [[1664,  567]],

       [[1679,  567]],

       ...,

       [[1703,  561]],

       [[1702,  561]],

       [[1701,  560]]], dtype=int32)}",591822.5,12977.014613389969,1479.045654296875,937.5711059570312,0.0441623066314374,1629.0,1195.0,680.7515387265298,748.8266925991828,1.577529048089777,Level 3,Level 3
/tmp/potato_inspection_system/data/test/1021/400-450 OK/Pic_2025_10_21_155919_709.jpeg,400-450 OK,400-450,400,450,OK,True,,,425.0,425.0,filename,3,"{'area': 551018.5, 'perimeter': 11682.279552221298, 'major_axis': 1247.341796875, 'minor_axis': 817.0162963867188, 'circularity': 0.050736540954215675, 'width': 1382, 'height': 840, 'estimated_volume': 435.95888771278425, 'estimated_weight': 479.5547764840627, 'aspect_ratio': 1.5267036929268238, 'center': (922.8762817382812, 421.30377197265625), 'contour': array([[[ 664,    0]],

       [[ 664,    7]],

       [[ 663,    8]],

       ...,

       [[1175,    4]],

       [[1174,    3]],

       [[1174,    0]]], dtype=int32)}",551018.5,11682.279552221298,1247.341796875,817.0162963867188,0.050736540954215675,1382.0,840.0,435.95888771278425,479.5547764840627,1.5267036929268238,Level 3,Level 3
/tmp/potato_inspection_system/data/test/1021/400-450 OK/Pic_2025_10_21_155920_710.jpeg,400-450 OK,400-450,400,450,OK,True,,,425.0,425.0,filename,3,"{'area': 640754.5, 'perimeter': 7008.133241653442, 'major_axis': 1310.7586669921875, 'minor_axis': 789.7191772460938, 'circularity': 0.16394449127833055, 'width': 945, 'height': 1240, 'estimated_volume': 428.0226279292976, 'estimated_weight': 470.8248907222274, 'aspect_ratio': 1.6597781904740632, 'center': (1045.9986572265625, 2179.095458984375), 'contour': array([[[1213, 1576]],

       [[1213, 1577]],

       [[1212, 1578]],

       ...,

       [[1224, 1586]],

       [[1229, 1586]],

       [[1229, 1576]]], dtype=int32)}",640754.5,7008.133241653442,1310.7586669921875,789.7191772460938,0.16394449127833055,945.0,1240.0,428.0226279292976,470.8248907222274,1.6597781904740632,Level 3,Level 3
